File name,Batch,Trivial name,CAS,NSC,Pure compound #,Chemist,SMILES
mtp_01_a04,abcd,Ethane1,123-13,NSC-11,103A22,WA,CN=C=O
mtp_01_a05,abcd,Ethane2,123-14,NSC-12,103A23,WA,CBr
mtp_01_a10,abcd,Ethane3,123-15,NSC-13,103A24,WA,CCC(=O)O
mtp_01_a11,abcd,Ethane4,123-16,NSC-14,103A25,WA,CC(=O)NCCC1=CNc2c1cc(OC)cc2
mtp_01_a12,abcd,Ethane5,123-17,NSC-15,103A26,WA,CN=C=O
mtp_01_b02,abcd,Ethane6,123-18,NSC-16,103A27,WA,CBr
mtp_01_b03,abcd,Ethane7,123-19,NSC-17,103A28,WA,CCC(=O)O
mtp_01_b04,abcd,Ethane8,123-20,NSC-18,103A29,WA,CC(=O)NCCC1=CNc2c1cc(OC)cc2
mtp_01_b06,abcd,Ethane9,123-21,NSC-19,103A30,WA,CN=C=O
mtp_01_b09,abcd,Ethane10,123-22,NSC-20,103A31,WA,CBr
mtp_01_b10,abcd,Ethane11,123-23,NSC-21,103A32,WA,CCC(=O)O
mtp_01_b11,abcd,Ethane12,123-24,NSC-22,103A33,WA,CC(=O)NCCC1=CNc2c1cc(OC)cc2
mtp_01_c04,abcd,Ethane13,123-25,NSC-23,103A34,WA,CN=C=O
mtp_01_c05,abcd,Ethane14,123-26,NSC-24,103A35,WA,CBr
mtp_01_c06,abcd,Ethane15,123-27,NSC-25,103A36,WA,CCC(=O)O
mtp_01_c08,abcd,Ethane16,123-28,NSC-26,103A37,WA,CC(=O)NCCC1=CNc2c1cc(OC)cc2
mtp_01_c10,abcd,Ethane17,123-29,NSC-27,103A38,WA,CN=C=O
mtp_01_c11,abcd,Ethane18,123-30,NSC-28,103A39,WA,CBr
mtp_01_c12,abcd,Ethane19,123-31,NSC-29,103A40,WA,CCC(=O)O
mtp_01_d03,abcd,Ethane20,123-32,NSC-30,103A41,WA,CC(=O)NCCC1=CNc2c1cc(OC)cc2
mtp_01_d04,abcd,Ethane21,123-33,NSC-31,103A42,WA,CN=C=O
mtp_01_d07,abcd,Ethane22,123-34,NSC-32,103A43,WA,CBr
mtp_01_d12,abcd,Ethane23,123-35,NSC-33,103A44,WA,CCC(=O)O
mtp_01_e02,abcd,Ethane24,123-36,NSC-34,103A45,WA,CC(=O)NCCC1=CNc2c1cc(OC)cc2
mtp_01_e03,abcd,Ethane25,123-37,NSC-35,103A46,WA,CN=C=O
mtp_01_e04,abcd,Ethane26,123-38,NSC-36,103A47,WA,CBr
mtp_01_e06,abcd,Ethane27,123-39,NSC-37,103A48,WA,CCC(=O)O
mtp_01_e07,abcd,Ethane28,123-40,NSC-38,103A49,WA,CC(=O)NCCC1=CNc2c1cc(OC)cc2
mtp_01_e08,abcd,Ethane29,123-41,NSC-39,103A50,WA,CN=C=O
mtp_01_f03,abcd,Ethane30,123-42,NSC-40,103A51,WA,CBr
mtp_01_f04,abcd,Ethane31,123-43,NSC-41,103A52,WA,CCC(=O)O
mtp_01_f07,abcd,Ethane32,123-44,NSC-42,103A53,WA,CC(=O)NCCC1=CNc2c1cc(OC)cc2
mtp_01_f08,abcd,Ethane33,123-45,NSC-43,103A54,WA,CN=C=O
mtp_01_f10,abcd,Ethane34,123-46,NSC-44,103A55,WA,CBr
mtp_01_f11,abcd,Ethane35,123-47,NSC-45,103A56,WA,CCC(=O)O
mtp_01_f12,abcd,Ethane36,123-48,NSC-46,103A57,WA,CC(=O)NCCC1=CNc2c1cc(OC)cc2
mtp_01_g02,abcd,Ethane37,123-49,NSC-47,103A58,WA,CN=C=O
mtp_01_g03,abcd,Ethane38,123-50,NSC-48,103A59,WA,CBr
mtp_01_g05,abcd,Ethane39,123-51,NSC-49,103A60,WA,CCC(=O)O
mtp_01_g06,abcd,Ethane40,123-52,NSC-50,103A61,WA,CC(=O)NCCC1=CNc2c1cc(OC)cc2
mtp_01_g07,abcd,Ethane41,123-53,NSC-51,103A62,WA,CN=C=O
mtp_01_g08,abcd,Ethane42,123-54,NSC-52,103A63,WA,CBr
mtp_01_g09,abcd,Ethane43,123-55,NSC-53,103A64,WA,CCC(=O)O
mtp_01_g10,abcd,Ethane44,123-56,NSC-54,103A65,WA,CC(=O)NCCC1=CNc2c1cc(OC)cc2
mtp_01_g11,abcd,Ethane45,123-57,NSC-55,103A66,WA,CN=C=O
mtp_01_g12,abcd,Ethane46,123-58,NSC-56,103A67,WA,CBr
mtp_01_h02,abcd,Ethane47,123-59,NSC-57,103A68,WA,CCC(=O)O
mtp_01_h03,abcd,Ethane48,123-60,NSC-58,103A69,WA,CC(=O)NCCC1=CNc2c1cc(OC)cc2
mtp_01_h04,abcd,Ethane49,123-61,NSC-59,103A70,WA,CN=C=O
mtp_01_h06,abcd,Ethane50,123-62,NSC-60,103A71,WA,CBr
mtp_01_h07,abcd,Ethane51,123-63,NSC-61,103A72,WA,CCC(=O)O
mtp_01_h10,abcd,Ethane52,123-64,NSC-62,103A73,WA,CC(=O)NCCC1=CNc2c1cc(OC)cc2
mtp_01_h11,abcd,Ethane53,123-65,NSC-63,103A74,WA,CN=C=O
mtp_01_h12,abcd,Ethane54,123-66,NSC-64,103A75,WA,CBr
mtp_02_a03,abcd,Ethane55,123-67,NSC-65,103A76,WA,CCC(=O)O
mtp_02_a04,abcd,Ethane56,123-68,NSC-66,103A77,WA,CC(=O)NCCC1=CNc2c1cc(OC)cc2
mtp_02_a05,abcd,Ethane57,123-69,NSC-67,103A78,WA,CN=C=O
mtp_02_a06,abcd,Ethane58,123-70,NSC-68,103A79,WA,CBr
mtp_02_a10,abcd,Ethane59,123-71,NSC-69,103A80,WA,CCC(=O)O
mtp_02_a12,abcd,Ethane60,123-72,NSC-70,103A81,WA,CC(=O)NCCC1=CNc2c1cc(OC)cc2
mtp_02_b02,abcd,Ethane61,123-73,NSC-71,103A82,WA,CN=C=O
mtp_02_b03,abcd,Ethane62,123-74,NSC-72,103A83,WA,CBr
mtp_02_b04,abcd,Ethane63,123-75,NSC-73,103A84,WA,CCC(=O)O
mtp_02_b05,abcd,Ethane64,123-76,NSC-74,103A85,WA,CC(=O)NCCC1=CNc2c1cc(OC)cc2
mtp_02_b09,abcd,Ethane65,123-77,NSC-75,103A86,WA,CN=C=O
mtp_02_b10,abcd,Ethane66,123-78,NSC-76,103A87,WA,CBr
mtp_02_b12,abcd,Ethane67,123-79,NSC-77,103A88,WA,CCC(=O)O
mtp_02_c02,abcd,Ethane68,123-80,NSC-78,103A89,WA,CC(=O)NCCC1=CNc2c1cc(OC)cc2
mtp_02_c03,abcd,Ethane69,123-81,NSC-79,103A90,WA,CN=C=O
mtp_02_c04,abcd,Ethane70,123-82,NSC-80,103A91,WA,CBr
mtp_02_c06,abcd,Ethane71,123-83,NSC-81,103A92,WA,CCC(=O)O
mtp_02_c09,abcd,Ethane72,123-84,NSC-82,103A93,WA,CC(=O)NCCC1=CNc2c1cc(OC)cc2
mtp_02_c12,abcd,Ethane73,123-85,NSC-83,103A94,WA,CN=C=O
mtp_02_d02,abcd,Ethane74,123-86,NSC-84,103A95,WA,CBr
mtp_02_d03,abcd,Ethane75,123-87,NSC-85,103A96,WA,CCC(=O)O
mtp_02_d04,abcd,Ethane76,123-88,NSC-86,103A97,WA,CC(=O)NCCC1=CNc2c1cc(OC)cc2
mtp_02_d05,abcd,Ethane77,123-89,NSC-87,103A98,WA,CN=C=O
mtp_02_d07,abcd,Ethane78,123-90,NSC-88,103A99,WA,CBr
mtp_02_d08,abcd,Ethane79,123-91,NSC-89,103A100,WA,CCC(=O)O
mtp_02_e02,abcd,Ethane80,123-92,NSC-90,103A101,WA,CC(=O)NCCC1=CNc2c1cc(OC)cc2
mtp_02_e03,abcd,Ethane81,123-93,NSC-91,103A102,WA,CN=C=O
mtp_02_e04,abcd,Ethane82,123-94,NSC-92,103A103,WA,CBr
mtp_02_e05,abcd,Ethane83,123-95,NSC-93,103A104,WA,CCC(=O)O
mtp_02_e08,abcd,Ethane84,123-96,NSC-94,103A105,WA,CC(=O)NCCC1=CNc2c1cc(OC)cc2
mtp_02_e09,abcd,Ethane85,123-97,NSC-95,103A106,WA,CN=C=O
mtp_02_f02,abcd,Ethane86,123-98,NSC-96,103A107,WA,CBr
mtp_02_f03,abcd,Ethane87,123-99,NSC-97,103A108,WA,CCC(=O)O
mtp_02_f05,abcd,Ethane88,123-100,NSC-98,103A109,WA,CC(=O)NCCC1=CNc2c1cc(OC)cc2
mtp_02_f07,abcd,Ethane89,123-101,NSC-99,103A110,WA,CN=C=O
mtp_02_f09,abcd,Ethane90,123-102,NSC-100,103A111,WA,CBr
mtp_02_f12,abcd,Ethane91,123-103,NSC-101,103A112,WA,CCC(=O)O
mtp_02_g02,abcd,Ethane92,123-104,NSC-102,103A113,WA,CC(=O)NCCC1=CNc2c1cc(OC)cc2
mtp_02_g03,abcd,Ethane93,123-105,NSC-103,103A114,WA,CN=C=O
mtp_02_g04,abcd,Ethane94,123-106,NSC-104,103A115,WA,CBr
mtp_02_g09,abcd,Ethane95,123-107,NSC-105,103A116,WA,CCC(=O)O
mtp_02_g12,abcd,Ethane96,123-108,NSC-106,103A117,WA,CC(=O)NCCC1=CNc2c1cc(OC)cc2
mtp_02_h02,abcd,Ethane97,123-109,NSC-107,103A118,WA,CN=C=O
mtp_02_h03,abcd,Ethane98,123-110,NSC-108,103A119,WA,CBr
mtp_02_h04,abcd,Ethane99,123-111,NSC-109,103A120,WA,CCC(=O)O
mtp_02_h05,abcd,Ethane100,123-112,NSC-110,103A121,WA,CC(=O)NCCC1=CNc2c1cc(OC)cc2
mtp_02_h07,abcd,Ethane101,123-113,NSC-111,103A122,WA,CN=C=O
mtp_02_h09,abcd,Ethane102,123-114,NSC-112,103A123,WA,CBr
mtp_02_h11,abcd,Ethane103,123-115,NSC-113,103A124,WA,CCC(=O)O
mtp_02_h12,abcd,Ethane104,123-116,NSC-114,103A125,WA,CC(=O)NCCC1=CNc2c1cc(OC)cc2
mtp_03_a02,abcd,Ethane105,123-117,NSC-115,103A126,WA,CN=C=O
mtp_03_a03,abcd,Ethane106,123-118,NSC-116,103A127,WA,CBr
mtp_03_a04,abcd,Ethane107,123-119,NSC-117,103A128,WA,CCC(=O)O
mtp_03_a05,abcd,Ethane108,123-120,NSC-118,103A129,WA,CC(=O)NCCC1=CNc2c1cc(OC)cc2
mtp_03_a06,abcd,Ethane109,123-121,NSC-119,103A130,WA,CN=C=O
mtp_03_a09,abcd,Ethane110,123-122,NSC-120,103A131,WA,CBr
mtp_03_a10,abcd,Ethane111,123-123,NSC-121,103A132,WA,CCC(=O)O
mtp_03_a11,abcd,Ethane112,123-124,NSC-122,103A133,WA,CC(=O)NCCC1=CNc2c1cc(OC)cc2
mtp_03_a12,abcd,Ethane113,123-125,NSC-123,103A134,WA,CN=C=O
mtp_03_b02,abcd,Ethane114,123-126,NSC-124,103A135,WA,CBr
mtp_03_b03,abcd,Ethane115,123-127,NSC-125,103A136,WA,CCC(=O)O
mtp_03_b04,abcd,Ethane116,123-128,NSC-126,103A137,WA,CC(=O)NCCC1=CNc2c1cc(OC)cc2
mtp_03_b05,abcd,Ethane117,123-129,NSC-127,103A138,WA,CN=C=O
mtp_03_b06,abcd,Ethane118,123-130,NSC-128,103A139,WA,CBr
mtp_03_b07,abcd,Ethane119,123-131,NSC-129,103A140,WA,CCC(=O)O
mtp_03_b08,abcd,Ethane120,123-132,NSC-130,103A141,WA,CC(=O)NCCC1=CNc2c1cc(OC)cc2
mtp_03_b09,abcd,Ethane121,123-133,NSC-131,103A142,WA,CN=C=O
mtp_03_b10,abcd,Ethane122,123-134,NSC-132,103A143,WA,CBr
mtp_03_c03,abcd,Ethane123,123-135,NSC-133,103A144,WA,CCC(=O)O
mtp_03_c05,abcd,Ethane124,123-136,NSC-134,103A145,WA,CC(=O)NCCC1=CNc2c1cc(OC)cc2
mtp_03_c06,abcd,Ethane125,123-137,NSC-135,103A146,WA,CN=C=O
mtp_03_c07,abcd,Ethane126,123-138,NSC-136,103A147,WA,CBr
mtp_03_c08,abcd,Ethane127,123-139,NSC-137,103A148,WA,CCC(=O)O
mtp_03_c09,abcd,Ethane128,123-140,NSC-138,103A149,WA,CC(=O)NCCC1=CNc2c1cc(OC)cc2
mtp_03_c11,abcd,Ethane129,123-141,NSC-139,103A150,WA,CN=C=O
mtp_03_c12,abcd,Ethane130,123-142,NSC-140,103A151,WA,CBr
mtp_03_d03,abcd,Ethane131,123-143,NSC-141,103A152,WA,CCC(=O)O
mtp_03_d05,abcd,Ethane132,123-144,NSC-142,103A153,WA,CC(=O)NCCC1=CNc2c1cc(OC)cc2
mtp_03_d06,abcd,Ethane133,123-145,NSC-143,103A154,WA,CN=C=O
mtp_03_d07,abcd,Ethane134,123-146,NSC-144,103A155,WA,CBr
mtp_03_d09,abcd,Ethane135,123-147,NSC-145,103A156,WA,CCC(=O)O
mtp_03_d11,abcd,Ethane136,123-148,NSC-146,103A157,WA,CC(=O)NCCC1=CNc2c1cc(OC)cc2
mtp_03_d12,abcd,Ethane137,123-149,NSC-147,103A158,WA,CN=C=O
mtp_03_e05,abcd,Ethane138,123-150,NSC-148,103A159,WA,CBr
mtp_03_e07,abcd,Ethane139,123-151,NSC-149,103A160,WA,CCC(=O)O
mtp_03_e09,abcd,Ethane140,123-152,NSC-150,103A161,WA,CC(=O)NCCC1=CNc2c1cc(OC)cc2
mtp_03_e10,abcd,Ethane141,123-153,NSC-151,103A162,WA,CN=C=O
mtp_03_e11,abcd,Ethane142,123-154,NSC-152,103A163,WA,CBr
mtp_03_e12,abcd,Ethane143,123-155,NSC-153,103A164,WA,CCC(=O)O
mtp_03_f02,abcd,Ethane144,123-156,NSC-154,103A165,WA,CC(=O)NCCC1=CNc2c1cc(OC)cc2
mtp_03_f03,abcd,Ethane145,123-157,NSC-155,103A166,WA,CN=C=O
mtp_03_f04,abcd,Ethane146,123-158,NSC-156,103A167,WA,CBr
mtp_03_f05,abcd,Ethane147,123-159,NSC-157,103A168,WA,CCC(=O)O
mtp_03_f06,abcd,Ethane148,123-160,NSC-158,103A169,WA,CC(=O)NCCC1=CNc2c1cc(OC)cc2
mtp_03_f07,abcd,Ethane149,123-161,NSC-159,103A170,WA,CN=C=O
mtp_03_f09,abcd,Ethane150,123-162,NSC-160,103A171,WA,CBr
mtp_03_f10,abcd,Ethane151,123-163,NSC-161,103A172,WA,CCC(=O)O
mtp_03_f11,abcd,Ethane152,123-164,NSC-162,103A173,WA,CC(=O)NCCC1=CNc2c1cc(OC)cc2
mtp_03_g04,abcd,Ethane153,123-165,NSC-163,103A174,WA,CN=C=O
mtp_03_g05,abcd,Ethane154,123-166,NSC-164,103A175,WA,CBr
mtp_03_g07,abcd,Ethane155,123-167,NSC-165,103A176,WA,CCC(=O)O
mtp_03_g09,abcd,Ethane156,123-168,NSC-166,103A177,WA,CC(=O)NCCC1=CNc2c1cc(OC)cc2
mtp_03_h02,abcd,Ethane157,123-169,NSC-167,103A178,WA,CN=C=O
mtp_03_h04,abcd,Ethane158,123-170,NSC-168,103A179,WA,CBr
mtp_03_h05,abcd,Ethane159,123-171,NSC-169,103A180,WA,CCC(=O)O
mtp_03_h07,abcd,Ethane160,123-172,NSC-170,103A181,WA,CC(=O)NCCC1=CNc2c1cc(OC)cc2
mtp_03_h10,abcd,Ethane161,123-173,NSC-171,103A182,WA,CN=C=O
mtp_03_h11,abcd,Ethane162,123-174,NSC-172,103A183,WA,CBr
mtp_04_a02,abcd,Ethane163,123-175,NSC-173,103A184,WA,CCC(=O)O
mtp_04_a03,abcd,Ethane164,123-176,NSC-174,103A185,WA,CC(=O)NCCC1=CNc2c1cc(OC)cc2
mtp_04_a04,abcd,Ethane165,123-177,NSC-175,103A186,WA,CN=C=O
mtp_04_a05,abcd,Ethane166,123-178,NSC-176,103A187,WA,CBr
mtp_04_a06,abcd,Ethane167,123-179,NSC-177,103A188,WA,CCC(=O)O
mtp_04_a11,abcd,Ethane168,123-180,NSC-178,103A189,WA,CC(=O)NCCC1=CNc2c1cc(OC)cc2
mtp_04_a12,abcd,Ethane169,123-181,NSC-179,103A190,WA,CN=C=O
mtp_04_b02,abcd,Ethane170,123-182,NSC-180,103A191,WA,CBr
mtp_04_b03,abcd,Ethane171,123-183,NSC-181,103A192,WA,CCC(=O)O
mtp_04_b05,abcd,Ethane172,123-184,NSC-182,103A193,WA,CC(=O)NCCC1=CNc2c1cc(OC)cc2
mtp_04_b06,abcd,Ethane173,123-185,NSC-183,103A194,WA,CN=C=O
mtp_04_b07,abcd,Ethane174,123-186,NSC-184,103A195,WA,CBr
mtp_04_b08,abcd,Ethane175,123-187,NSC-185,103A196,WA,CCC(=O)O
mtp_04_b09,abcd,Ethane176,123-188,NSC-186,103A197,WA,CC(=O)NCCC1=CNc2c1cc(OC)cc2
mtp_04_b10,abcd,Ethane177,123-189,NSC-187,103A198,WA,CN=C=O
mtp_04_b11,abcd,Ethane178,123-190,NSC-188,103A199,WA,CBr
mtp_04_c02,abcd,Ethane179,123-191,NSC-189,103A200,WA,CCC(=O)O
mtp_04_c03,abcd,Ethane180,123-192,NSC-190,103A201,WA,CC(=O)NCCC1=CNc2c1cc(OC)cc2
mtp_04_c04,abcd,Ethane181,123-193,NSC-191,103A202,WA,CN=C=O
mtp_04_c05,abcd,Ethane182,123-194,NSC-192,103A203,WA,CBr
mtp_04_c06,abcd,Ethane183,123-195,NSC-193,103A204,WA,CCC(=O)O
mtp_04_c08,abcd,Ethane184,123-196,NSC-194,103A205,WA,CC(=O)NCCC1=CNc2c1cc(OC)cc2
mtp_04_c10,abcd,Ethane185,123-197,NSC-195,103A206,WA,CN=C=O
mtp_04_c11,abcd,Ethane186,123-198,NSC-196,103A207,WA,CBr
mtp_04_c12,abcd,Ethane187,123-199,NSC-197,103A208,WA,CCC(=O)O
mtp_04_d02,abcd,Ethane188,123-200,NSC-198,103A209,WA,CC(=O)NCCC1=CNc2c1cc(OC)cc2
mtp_04_d03,abcd,Ethane189,123-201,NSC-199,103A210,WA,CN=C=O
mtp_04_d04,abcd,Ethane190,123-202,NSC-200,103A211,WA,CBr
mtp_04_d06,abcd,Ethane191,123-203,NSC-201,103A212,WA,CCC(=O)O
mtp_04_d07,abcd,Ethane192,123-204,NSC-202,103A213,WA,CC(=O)NCCC1=CNc2c1cc(OC)cc2
mtp_04_d08,abcd,Ethane193,123-205,NSC-203,103A214,WA,CN=C=O
mtp_04_d09,abcd,Ethane194,123-206,NSC-204,103A215,WA,CBr
mtp_04_d10,abcd,Ethane195,123-207,NSC-205,103A216,WA,CCC(=O)O
mtp_04_d11,abcd,Ethane196,123-208,NSC-206,103A217,WA,CC(=O)NCCC1=CNc2c1cc(OC)cc2
mtp_04_d12,abcd,Ethane197,123-209,NSC-207,103A218,WA,CN=C=O
mtp_04_e02,abcd,Ethane198,123-210,NSC-208,103A219,WA,CBr
mtp_04_e03,abcd,Ethane199,123-211,NSC-209,103A220,WA,CCC(=O)O
mtp_04_e04,abcd,Ethane200,123-212,NSC-210,103A221,WA,CC(=O)NCCC1=CNc2c1cc(OC)cc2
mtp_04_e05,abcd,Ethane201,123-213,NSC-211,103A222,WA,CN=C=O
mtp_04_e06,abcd,Ethane202,123-214,NSC-212,103A223,WA,CBr
mtp_04_e07,abcd,Ethane203,123-215,NSC-213,103A224,WA,CCC(=O)O
mtp_04_e08,abcd,Ethane204,123-216,NSC-214,103A225,WA,CC(=O)NCCC1=CNc2c1cc(OC)cc2
mtp_04_e09,abcd,Ethane205,123-217,NSC-215,103A226,WA,CN=C=O
mtp_04_e10,abcd,Ethane206,123-218,NSC-216,103A227,WA,CBr
mtp_04_e11,abcd,Ethane207,123-219,NSC-217,103A228,WA,CCC(=O)O
mtp_04_e12,abcd,Ethane208,123-220,NSC-218,103A229,WA,CC(=O)NCCC1=CNc2c1cc(OC)cc2
mtp_04_f02,abcd,Ethane209,123-221,NSC-219,103A230,WA,CN=C=O
mtp_04_f03,abcd,Ethane210,123-222,NSC-220,103A231,WA,CBr
mtp_04_f04,abcd,Ethane211,123-223,NSC-221,103A232,WA,CCC(=O)O
mtp_04_f05,abcd,Ethane212,123-224,NSC-222,103A233,WA,CC(=O)NCCC1=CNc2c1cc(OC)cc2
mtp_04_f07,abcd,Ethane213,123-225,NSC-223,103A234,WA,CN=C=O
mtp_04_f08,abcd,Ethane214,123-226,NSC-224,103A235,WA,CBr
mtp_04_f09,abcd,Ethane215,123-227,NSC-225,103A236,WA,CCC(=O)O
mtp_04_f10,abcd,Ethane216,123-228,NSC-226,103A237,WA,CC(=O)NCCC1=CNc2c1cc(OC)cc2
mtp_04_f11,abcd,Ethane217,123-229,NSC-227,103A238,WA,CN=C=O
mtp_04_f12,abcd,Ethane218,123-230,NSC-228,103A239,WA,CBr
mtp_04_g02,abcd,Ethane219,123-231,NSC-229,103A240,WA,CCC(=O)O
mtp_04_g04,abcd,Ethane220,123-232,NSC-230,103A241,WA,CC(=O)NCCC1=CNc2c1cc(OC)cc2
mtp_04_g05,abcd,Ethane221,123-233,NSC-231,103A242,WA,CN=C=O
mtp_04_g06,abcd,Ethane222,123-234,NSC-232,103A243,WA,CBr
mtp_04_g07,abcd,Ethane223,123-235,NSC-233,103A244,WA,CCC(=O)O
mtp_04_g08,abcd,Ethane224,123-236,NSC-234,103A245,WA,CC(=O)NCCC1=CNc2c1cc(OC)cc2
mtp_04_g09,abcd,Ethane225,123-237,NSC-235,103A246,WA,CN=C=O
mtp_04_g10,abcd,Ethane226,123-238,NSC-236,103A247,WA,CBr
mtp_04_g11,abcd,Ethane227,123-239,NSC-237,103A248,WA,CCC(=O)O
mtp_04_g12,abcd,Ethane228,123-240,NSC-238,103A249,WA,CC(=O)NCCC1=CNc2c1cc(OC)cc2
mtp_04_h02,abcd,Ethane229,123-241,NSC-239,103A250,WA,CN=C=O
mtp_04_h03,abcd,Ethane230,123-242,NSC-240,103A251,WA,CBr
mtp_04_h04,abcd,Ethane231,123-243,NSC-241,103A252,WA,CCC(=O)O
mtp_04_h05,abcd,Ethane232,123-244,NSC-242,103A253,WA,CC(=O)NCCC1=CNc2c1cc(OC)cc2
mtp_04_h06,abcd,Ethane233,123-245,NSC-243,103A254,WA,CN=C=O
mtp_04_h07,abcd,Ethane234,123-246,NSC-244,103A255,WA,CBr
mtp_04_h09,abcd,Ethane235,123-247,NSC-245,103A256,WA,CCC(=O)O
mtp_04_h10,abcd,Ethane236,123-248,NSC-246,103A257,WA,CC(=O)NCCC1=CNc2c1cc(OC)cc2
mtp_04_h11,abcd,Ethane237,123-249,NSC-247,103A258,WA,CN=C=O
mtp_04_h12,abcd,Ethane238,123-250,NSC-248,103A259,WA,CBr
mtp_05_a03,abcd,Ethane239,123-251,NSC-249,103A260,WA,CCC(=O)O
mtp_05_a06,abcd,Ethane240,123-252,NSC-250,103A261,WA,CC(=O)NCCC1=CNc2c1cc(OC)cc2
mtp_05_a07,abcd,Ethane241,123-253,NSC-251,103A262,WA,CN=C=O
mtp_05_a08,abcd,Ethane242,123-254,NSC-252,103A263,WA,CBr
mtp_05_a09,abcd,Ethane243,123-255,NSC-253,103A264,WA,CCC(=O)O
mtp_05_a10,abcd,Ethane244,123-256,NSC-254,103A265,WA,CC(=O)NCCC1=CNc2c1cc(OC)cc2
mtp_05_a11,abcd,Ethane245,123-257,NSC-255,103A266,WA,CN=C=O
mtp_05_a12,abcd,Ethane246,123-258,NSC-256,103A267,WA,CBr
mtp_05_b02,abcd,Ethane247,123-259,NSC-257,103A268,WA,CCC(=O)O
mtp_05_b03,abcd,Ethane248,123-260,NSC-258,103A269,WA,CC(=O)NCCC1=CNc2c1cc(OC)cc2
mtp_05_b04,abcd,Ethane249,123-261,NSC-259,103A270,WA,CN=C=O
mtp_05_b05,abcd,Ethane250,123-262,NSC-260,103A271,WA,CBr
mtp_05_b06,abcd,Ethane251,123-263,NSC-261,103A272,WA,CCC(=O)O
mtp_05_b08,abcd,Ethane252,123-264,NSC-262,103A273,WA,CC(=O)NCCC1=CNc2c1cc(OC)cc2
mtp_05_b10,abcd,Ethane253,123-265,NSC-263,103A274,WA,CN=C=O
mtp_05_b11,abcd,Ethane254,123-266,NSC-264,103A275,WA,CBr
mtp_05_b12,abcd,Ethane255,123-267,NSC-265,103A276,WA,CCC(=O)O
mtp_05_c02,abcd,Ethane256,123-268,NSC-266,103A277,WA,CC(=O)NCCC1=CNc2c1cc(OC)cc2
mtp_05_c04,abcd,Ethane257,123-269,NSC-267,103A278,WA,CN=C=O
mtp_05_c05,abcd,Ethane258,123-270,NSC-268,103A279,WA,CBr
mtp_05_c06,abcd,Ethane259,123-271,NSC-269,103A280,WA,CCC(=O)O
mtp_05_c07,abcd,Ethane260,123-272,NSC-270,103A281,WA,CC(=O)NCCC1=CNc2c1cc(OC)cc2
mtp_05_c08,abcd,Ethane261,123-273,NSC-271,103A282,WA,CN=C=O
mtp_05_c09,abcd,Ethane262,123-274,NSC-272,103A283,WA,CBr
mtp_05_c10,abcd,Ethane263,123-275,NSC-273,103A284,WA,CCC(=O)O
mtp_05_d04,abcd,Ethane264,123-276,NSC-274,103A285,WA,CC(=O)NCCC1=CNc2c1cc(OC)cc2
mtp_05_d05,abcd,Ethane265,123-277,NSC-275,103A286,WA,CN=C=O
mtp_05_d06,abcd,Ethane266,123-278,NSC-276,103A287,WA,CBr
mtp_05_d07,abcd,Ethane267,123-279,NSC-277,103A288,WA,CCC(=O)O
mtp_05_d08,abcd,Ethane268,123-280,NSC-278,103A289,WA,CC(=O)NCCC1=CNc2c1cc(OC)cc2
mtp_05_d09,abcd,Ethane269,123-281,NSC-279,103A290,WA,CN=C=O
mtp_05_d12,abcd,Ethane270,123-282,NSC-280,103A291,WA,CBr
mtp_05_e02,abcd,Ethane271,123-283,NSC-281,103A292,WA,CCC(=O)O
mtp_05_e03,abcd,Ethane272,123-284,NSC-282,103A293,WA,CC(=O)NCCC1=CNc2c1cc(OC)cc2
mtp_05_e04,abcd,Ethane273,123-285,NSC-283,103A294,WA,CN=C=O
mtp_05_e05,abcd,Ethane274,123-286,NSC-284,103A295,WA,CBr
mtp_05_e09,abcd,Ethane275,123-287,NSC-285,103A296,WA,CCC(=O)O
mtp_05_f02,abcd,Ethane276,123-288,NSC-286,103A297,WA,CC(=O)NCCC1=CNc2c1cc(OC)cc2
mtp_05_f03,abcd,Ethane277,123-289,NSC-287,103A298,WA,CN=C=O
mtp_05_f04,abcd,Ethane278,123-290,NSC-288,103A299,WA,CBr
mtp_05_f05,abcd,Ethane279,123-291,NSC-289,103A300,WA,CCC(=O)O
mtp_05_f06,abcd,Ethane280,123-292,NSC-290,103A301,WA,CC(=O)NCCC1=CNc2c1cc(OC)cc2
mtp_05_f07,abcd,Ethane281,123-293,NSC-291,103A302,WA,CN=C=O
mtp_05_f08,abcd,Ethane282,123-294,NSC-292,103A303,WA,CBr
mtp_05_f10,abcd,Ethane283,123-295,NSC-293,103A304,WA,CCC(=O)O
mtp_05_f11,abcd,Ethane284,123-296,NSC-294,103A305,WA,CC(=O)NCCC1=CNc2c1cc(OC)cc2
mtp_05_f12,abcd,Ethane285,123-297,NSC-295,103A306,WA,CN=C=O
mtp_05_g02,abcd,Ethane286,123-298,NSC-296,103A307,WA,CBr
mtp_05_g04,abcd,Ethane287,123-299,NSC-297,103A308,WA,CCC(=O)O
mtp_05_g06,abcd,Ethane288,123-300,NSC-298,103A309,WA,CC(=O)NCCC1=CNc2c1cc(OC)cc2
mtp_05_g08,abcd,Ethane289,123-301,NSC-299,103A310,WA,CN=C=O
mtp_05_g09,abcd,Ethane290,123-302,NSC-300,103A311,WA,CBr
mtp_05_g10,abcd,Ethane291,123-303,NSC-301,103A312,WA,CCC(=O)O
mtp_05_g11,abcd,Ethane292,123-304,NSC-302,103A313,WA,CC(=O)NCCC1=CNc2c1cc(OC)cc2
mtp_05_h02,abcd,Ethane293,123-305,NSC-303,103A314,WA,CN=C=O
mtp_05_h03,abcd,Ethane294,123-306,NSC-304,103A315,WA,CBr
mtp_05_h05,abcd,Ethane295,123-307,NSC-305,103A316,WA,CCC(=O)O
mtp_05_h06,abcd,Ethane296,123-308,NSC-306,103A317,WA,CC(=O)NCCC1=CNc2c1cc(OC)cc2
mtp_05_h07,abcd,Ethane297,123-309,NSC-307,103A318,WA,CN=C=O
mtp_05_h08,abcd,Ethane298,123-310,NSC-308,103A319,WA,CBr
mtp_05_h09,abcd,Ethane299,123-311,NSC-309,103A320,WA,CCC(=O)O
mtp_05_h10,abcd,Ethane300,123-312,NSC-310,103A321,WA,CC(=O)NCCC1=CNc2c1cc(OC)cc2
mtp_06_a02,abcd,Ethane301,123-313,NSC-311,103A322,WA,CN=C=O
mtp_06_a03,abcd,Ethane302,123-314,NSC-312,103A323,WA,CBr
mtp_06_a04,abcd,Ethane303,123-315,NSC-313,103A324,WA,CCC(=O)O
mtp_06_a06,abcd,Ethane304,123-316,NSC-314,103A325,WA,CC(=O)NCCC1=CNc2c1cc(OC)cc2
mtp_06_a07,abcd,Ethane305,123-317,NSC-315,103A326,WA,CN=C=O
mtp_06_a08,abcd,Ethane306,123-318,NSC-316,103A327,WA,CBr
mtp_06_a09,abcd,Ethane307,123-319,NSC-317,103A328,WA,CCC(=O)O
mtp_06_a10,abcd,Ethane308,123-320,NSC-318,103A329,WA,CC(=O)NCCC1=CNc2c1cc(OC)cc2
mtp_06_a11,abcd,Ethane309,123-321,NSC-319,103A330,WA,CN=C=O
mtp_06_a12,abcd,Ethane310,123-322,NSC-320,103A331,WA,CBr
mtp_06_b02,abcd,Ethane311,123-323,NSC-321,103A332,WA,CCC(=O)O
mtp_06_b03,abcd,Ethane312,123-324,NSC-322,103A333,WA,CC(=O)NCCC1=CNc2c1cc(OC)cc2
mtp_06_b04,abcd,Ethane313,123-325,NSC-323,103A334,WA,CN=C=O
mtp_06_b06,abcd,Ethane314,123-326,NSC-324,103A335,WA,CBr
mtp_06_b07,abcd,Ethane315,123-327,NSC-325,103A336,WA,CCC(=O)O
mtp_06_b08,abcd,Ethane316,123-328,NSC-326,103A337,WA,CC(=O)NCCC1=CNc2c1cc(OC)cc2
mtp_06_b09,abcd,Ethane317,123-329,NSC-327,103A338,WA,CN=C=O
mtp_06_b10,abcd,Ethane318,123-330,NSC-328,103A339,WA,CBr
mtp_06_b12,abcd,Ethane319,123-331,NSC-329,103A340,WA,CCC(=O)O
mtp_06_c02,abcd,Ethane320,123-332,NSC-330,103A341,WA,CC(=O)NCCC1=CNc2c1cc(OC)cc2
mtp_06_c03,abcd,Ethane321,123-333,NSC-331,103A342,WA,CN=C=O
mtp_06_c04,abcd,Ethane322,123-334,NSC-332,103A343,WA,CBr
mtp_06_c06,abcd,Ethane323,123-335,NSC-333,103A344,WA,CCC(=O)O
mtp_06_c07,abcd,Ethane324,123-336,NSC-334,103A345,WA,CC(=O)NCCC1=CNc2c1cc(OC)cc2
mtp_06_c08,abcd,Ethane325,123-337,NSC-335,103A346,WA,CN=C=O
mtp_06_c11,abcd,Ethane326,123-338,NSC-336,103A347,WA,CBr
mtp_06_c12,abcd,Ethane327,123-339,NSC-337,103A348,WA,CCC(=O)O
mtp_06_d02,abcd,Ethane328,123-340,NSC-338,103A349,WA,CC(=O)NCCC1=CNc2c1cc(OC)cc2
mtp_06_d03,abcd,Ethane329,123-341,NSC-339,103A350,WA,CN=C=O
mtp_06_d04,abcd,Ethane330,123-342,NSC-340,103A351,WA,CBr
mtp_06_d06,abcd,Ethane331,123-343,NSC-341,103A352,WA,CCC(=O)O
mtp_06_d07,abcd,Ethane332,123-344,NSC-342,103A353,WA,CC(=O)NCCC1=CNc2c1cc(OC)cc2
mtp_06_d08,abcd,Ethane333,123-345,NSC-343,103A354,WA,CN=C=O
mtp_06_d10,abcd,Ethane334,123-346,NSC-344,103A355,WA,CBr
mtp_06_d11,abcd,Ethane335,123-347,NSC-345,103A356,WA,CCC(=O)O
mtp_06_d12,abcd,Ethane336,123-348,NSC-346,103A357,WA,CC(=O)NCCC1=CNc2c1cc(OC)cc2
mtp_06_e03,abcd,Ethane337,123-349,NSC-347,103A358,WA,CN=C=O
mtp_06_e04,abcd,Ethane338,123-350,NSC-348,103A359,WA,CBr
mtp_06_e06,abcd,Ethane339,123-351,NSC-349,103A360,WA,CCC(=O)O
mtp_06_e07,abcd,Ethane340,123-352,NSC-350,103A361,WA,CC(=O)NCCC1=CNc2c1cc(OC)cc2
mtp_06_e08,abcd,Ethane341,123-353,NSC-351,103A362,WA,CN=C=O
mtp_06_e09,abcd,Ethane342,123-354,NSC-352,103A363,WA,CBr
mtp_06_e10,abcd,Ethane343,123-355,NSC-353,103A364,WA,CCC(=O)O
mtp_06_e11,abcd,Ethane344,123-356,NSC-354,103A365,WA,CC(=O)NCCC1=CNc2c1cc(OC)cc2
mtp_06_e12,abcd,Ethane345,123-357,NSC-355,103A366,WA,CN=C=O
mtp_06_f02,abcd,Ethane346,123-358,NSC-356,103A367,WA,CBr
mtp_06_f03,abcd,Ethane347,123-359,NSC-357,103A368,WA,CCC(=O)O
mtp_06_f05,abcd,Ethane348,123-360,NSC-358,103A369,WA,CC(=O)NCCC1=CNc2c1cc(OC)cc2
mtp_06_f07,abcd,Ethane349,123-361,NSC-359,103A370,WA,CN=C=O
mtp_06_f11,abcd,Ethane350,123-362,NSC-360,103A371,WA,CBr
mtp_06_f12,abcd,Ethane351,123-363,NSC-361,103A372,WA,CCC(=O)O
mtp_06_g02,abcd,Ethane352,123-364,NSC-362,103A373,WA,CC(=O)NCCC1=CNc2c1cc(OC)cc2
mtp_06_g05,abcd,Ethane353,123-365,NSC-363,103A374,WA,CN=C=O
mtp_06_g06,abcd,Ethane354,123-366,NSC-364,103A375,WA,CBr
mtp_06_g12,abcd,Ethane355,123-367,NSC-365,103A376,WA,CCC(=O)O
mtp_06_h02,abcd,Ethane356,123-368,NSC-366,103A377,WA,CC(=O)NCCC1=CNc2c1cc(OC)cc2
mtp_06_h04,abcd,Ethane357,123-369,NSC-367,103A378,WA,CN=C=O
mtp_06_h05,abcd,Ethane358,123-370,NSC-368,103A379,WA,CBr
mtp_06_h06,abcd,Ethane359,123-371,NSC-369,103A380,WA,CCC(=O)O
mtp_06_h07,abcd,Ethane360,123-372,NSC-370,103A381,WA,CC(=O)NCCC1=CNc2c1cc(OC)cc2
mtp_06_h08,abcd,Ethane361,123-373,NSC-371,103A382,WA,CN=C=O
mtp_06_h09,abcd,Ethane362,123-374,NSC-372,103A383,WA,CBr
mtp_06_h10,abcd,Ethane363,123-375,NSC-373,103A384,WA,CCC(=O)O
mtp_06_h11,abcd,Ethane364,123-376,NSC-374,103A385,WA,CC(=O)NCCC1=CNc2c1cc(OC)cc2
mtp_07_a07,abcd,Ethane365,123-377,NSC-375,103A386,WA,CN=C=O
mtp_07_a08,abcd,Ethane366,123-378,NSC-376,103A387,WA,CBr
mtp_07_a09,abcd,Ethane367,123-379,NSC-377,103A388,WA,CCC(=O)O
mtp_07_a10,abcd,Ethane368,123-380,NSC-378,103A389,WA,CC(=O)NCCC1=CNc2c1cc(OC)cc2
mtp_07_b02,abcd,Ethane369,123-381,NSC-379,103A390,WA,CN=C=O
mtp_07_b03,abcd,Ethane370,123-382,NSC-380,103A391,WA,CBr
mtp_07_b06,abcd,Ethane371,123-383,NSC-381,103A392,WA,CCC(=O)O
mtp_07_b08,abcd,Ethane372,123-384,NSC-382,103A393,WA,CC(=O)NCCC1=CNc2c1cc(OC)cc2
mtp_07_b12,abcd,Ethane373,123-385,NSC-383,103A394,WA,CN=C=O
mtp_07_c02,abcd,Ethane374,123-386,NSC-384,103A395,WA,CBr
mtp_07_c03,abcd,Ethane375,123-387,NSC-385,103A396,WA,CCC(=O)O
mtp_07_c05,abcd,Ethane376,123-388,NSC-386,103A397,WA,CC(=O)NCCC1=CNc2c1cc(OC)cc2
mtp_07_c08,abcd,Ethane377,123-389,NSC-387,103A398,WA,CN=C=O
mtp_07_c12,abcd,Ethane378,123-390,NSC-388,103A399,WA,CBr
mtp_07_d02,abcd,Ethane379,123-391,NSC-389,103A400,WA,CCC(=O)O
mtp_07_d04,abcd,Ethane380,123-392,NSC-390,103A401,WA,CC(=O)NCCC1=CNc2c1cc(OC)cc2
mtp_07_d05,abcd,Ethane381,123-393,NSC-391,103A402,WA,CN=C=O
mtp_07_d06,abcd,Ethane382,123-394,NSC-392,103A403,WA,CBr
mtp_07_d07,abcd,Ethane383,123-395,NSC-393,103A404,WA,CCC(=O)O
mtp_07_d08,abcd,Ethane384,123-396,NSC-394,103A405,WA,CC(=O)NCCC1=CNc2c1cc(OC)cc2
mtp_07_d10,abcd,Ethane385,123-397,NSC-395,103A406,WA,CN=C=O
mtp_07_d11,abcd,Ethane386,123-398,NSC-396,103A407,WA,CBr
mtp_07_d12,abcd,Ethane387,123-399,NSC-397,103A408,WA,CCC(=O)O
mtp_07_e03,abcd,Ethane388,123-400,NSC-398,103A409,WA,CC(=O)NCCC1=CNc2c1cc(OC)cc2
mtp_07_e04,abcd,Ethane389,123-401,NSC-399,103A410,WA,CN=C=O
mtp_07_e05,abcd,Ethane390,123-402,NSC-400,103A411,WA,CBr
mtp_07_e11,abcd,Ethane391,123-403,NSC-401,103A412,WA,CCC(=O)O
mtp_07_e12,abcd,Ethane392,123-404,NSC-402,103A413,WA,CC(=O)NCCC1=CNc2c1cc(OC)cc2
mtp_07_f02,abcd,Ethane393,123-405,NSC-403,103A414,WA,CN=C=O
mtp_07_f03,abcd,Ethane394,123-406,NSC-404,103A415,WA,CBr
mtp_07_f04,abcd,Ethane395,123-407,NSC-405,103A416,WA,CCC(=O)O
mtp_07_f05,abcd,Ethane396,123-408,NSC-406,103A417,WA,CC(=O)NCCC1=CNc2c1cc(OC)cc2
mtp_07_f06,abcd,Ethane397,123-409,NSC-407,103A418,WA,CN=C=O
mtp_07_f07,abcd,Ethane398,123-410,NSC-408,103A419,WA,CBr
mtp_07_f08,abcd,Ethane399,123-411,NSC-409,103A420,WA,CCC(=O)O
mtp_07_f09,abcd,Ethane400,123-412,NSC-410,103A421,WA,CC(=O)NCCC1=CNc2c1cc(OC)cc2
mtp_07_f10,abcd,Ethane401,123-413,NSC-411,103A422,WA,CN=C=O
mtp_07_f11,abcd,Ethane402,123-414,NSC-412,103A423,WA,CBr
mtp_07_f12,abcd,Ethane403,123-415,NSC-413,103A424,WA,CCC(=O)O
mtp_07_g02,abcd,Ethane404,123-416,NSC-414,103A425,WA,CC(=O)NCCC1=CNc2c1cc(OC)cc2
mtp_07_g03,abcd,Ethane405,123-417,NSC-415,103A426,WA,CN=C=O
mtp_07_g04,abcd,Ethane406,123-418,NSC-416,103A427,WA,CBr
mtp_07_g05,abcd,Ethane407,123-419,NSC-417,103A428,WA,CCC(=O)O
mtp_07_g06,abcd,Ethane408,123-420,NSC-418,103A429,WA,CC(=O)NCCC1=CNc2c1cc(OC)cc2
mtp_07_h02,abcd,Ethane409,123-421,NSC-419,103A430,WA,CN=C=O
mtp_07_h03,abcd,Ethane410,123-422,NSC-420,103A431,WA,CBr
mtp_07_h06,abcd,Ethane411,123-423,NSC-421,103A432,WA,CCC(=O)O
mtp_07_h08,abcd,Ethane412,123-424,NSC-422,103A433,WA,CC(=O)NCCC1=CNc2c1cc(OC)cc2
mtp_07_h09,abcd,Ethane413,123-425,NSC-423,103A434,WA,CN=C=O
mtp_07_h10,abcd,Ethane414,123-426,NSC-424,103A435,WA,CBr
mtp_07_h11,abcd,Ethane415,123-427,NSC-425,103A436,WA,CCC(=O)O
mtp_07_h12,abcd,Ethane416,123-428,NSC-426,103A437,WA,CC(=O)NCCC1=CNc2c1cc(OC)cc2
mtp_08_a03,abcd,Ethane417,123-429,NSC-427,103A438,WA,CN=C=O
mtp_08_a06,abcd,Ethane418,123-430,NSC-428,103A439,WA,CBr
mtp_08_a07,abcd,Ethane419,123-431,NSC-429,103A440,WA,CCC(=O)O
mtp_08_a11,abcd,Ethane420,123-432,NSC-430,103A441,WA,CC(=O)NCCC1=CNc2c1cc(OC)cc2
mtp_08_a12,abcd,Ethane421,123-433,NSC-431,103A442,WA,CN=C=O
mtp_08_b04,abcd,Ethane422,123-434,NSC-432,103A443,WA,CBr
mtp_08_b07,abcd,Ethane423,123-435,NSC-433,103A444,WA,CCC(=O)O
mtp_08_b08,abcd,Ethane424,123-436,NSC-434,103A445,WA,CC(=O)NCCC1=CNc2c1cc(OC)cc2
mtp_08_b10,abcd,Ethane425,123-437,NSC-435,103A446,WA,CN=C=O
mtp_08_b12,abcd,Ethane426,123-438,NSC-436,103A447,WA,CBr
mtp_08_c05,abcd,Ethane427,123-439,NSC-437,103A448,WA,CCC(=O)O
mtp_08_c06,abcd,Ethane428,123-440,NSC-438,103A449,WA,CC(=O)NCCC1=CNc2c1cc(OC)cc2
mtp_08_c08,abcd,Ethane429,123-441,NSC-439,103A450,WA,CN=C=O
mtp_08_c10,abcd,Ethane430,123-442,NSC-440,103A451,WA,CBr
mtp_08_c11,abcd,Ethane431,123-443,NSC-441,103A452,WA,CCC(=O)O
mtp_08_d10,abcd,Ethane432,123-444,NSC-442,103A453,WA,CC(=O)NCCC1=CNc2c1cc(OC)cc2
mtp_08_e02,abcd,Ethane433,123-445,NSC-443,103A454,WA,CN=C=O
mtp_08_e06,abcd,Ethane434,123-446,NSC-444,103A455,WA,CBr
mtp_08_e11,abcd,Ethane435,123-447,NSC-445,103A456,WA,CCC(=O)O
mtp_08_e12,abcd,Ethane436,123-448,NSC-446,103A457,WA,CC(=O)NCCC1=CNc2c1cc(OC)cc2
mtp_08_f05,abcd,Ethane437,123-449,NSC-447,103A458,WA,CN=C=O
mtp_08_f06,abcd,Ethane438,123-450,NSC-448,103A459,WA,CBr
mtp_08_f08,abcd,Ethane439,123-451,NSC-449,103A460,WA,CCC(=O)O
mtp_08_f11,abcd,Ethane440,123-452,NSC-450,103A461,WA,CC(=O)NCCC1=CNc2c1cc(OC)cc2
mtp_08_g03,abcd,Ethane441,123-453,NSC-451,103A462,WA,CN=C=O
mtp_08_g06,abcd,Ethane442,123-454,NSC-452,103A463,WA,CBr
mtp_08_g07,abcd,Ethane443,123-455,NSC-453,103A464,WA,CCC(=O)O
mtp_08_g08,abcd,Ethane444,123-456,NSC-454,103A465,WA,CC(=O)NCCC1=CNc2c1cc(OC)cc2
mtp_08_g09,abcd,Ethane445,123-457,NSC-455,103A466,WA,CN=C=O
mtp_08_g10,abcd,Ethane446,123-458,NSC-456,103A467,WA,CBr
mtp_08_h12,abcd,Ethane447,123-459,NSC-457,103A468,WA,CCC(=O)O
mtp_09_a02,abcd,Ethane448,123-460,NSC-458,103A469,WA,CC(=O)NCCC1=CNc2c1cc(OC)cc2
mtp_09_a10,abcd,Ethane449,123-461,NSC-459,103A470,WA,CN=C=O
mtp_09_a11,abcd,Ethane450,123-462,NSC-460,103A471,WA,CBr
mtp_09_a12,abcd,Ethane451,123-463,NSC-461,103A472,WA,CCC(=O)O
mtp_09_b04,abcd,Ethane452,123-464,NSC-462,103A473,WA,CC(=O)NCCC1=CNc2c1cc(OC)cc2
mtp_09_b10,abcd,Ethane453,123-465,NSC-463,103A474,WA,CN=C=O
mtp_09_b12,abcd,Ethane454,123-466,NSC-464,103A475,WA,CBr
mtp_09_c05,abcd,Ethane455,123-467,NSC-465,103A476,WA,CCC(=O)O
mtp_09_c07,abcd,Ethane456,123-468,NSC-466,103A477,WA,CC(=O)NCCC1=CNc2c1cc(OC)cc2
mtp_09_c12,abcd,Ethane457,123-469,NSC-467,103A478,WA,CN=C=O
mtp_09_d02,abcd,Ethane458,123-470,NSC-468,103A479,WA,CBr
mtp_09_d03,abcd,Ethane459,123-471,NSC-469,103A480,WA,CCC(=O)O
mtp_09_d04,abcd,Ethane460,123-472,NSC-470,103A481,WA,CC(=O)NCCC1=CNc2c1cc(OC)cc2
mtp_09_d05,abcd,Ethane461,123-473,NSC-471,103A482,WA,CN=C=O
mtp_09_d06,abcd,Ethane462,123-474,NSC-472,103A483,WA,CBr
mtp_09_d07,abcd,Ethane463,123-475,NSC-473,103A484,WA,CCC(=O)O
mtp_09_d08,abcd,Ethane464,123-476,NSC-474,103A485,WA,CC(=O)NCCC1=CNc2c1cc(OC)cc2
mtp_09_d10,abcd,Ethane465,123-477,NSC-475,103A486,WA,CN=C=O
mtp_09_d11,abcd,Ethane466,123-478,NSC-476,103A487,WA,CBr
mtp_09_d12,abcd,Ethane467,123-479,NSC-477,103A488,WA,CCC(=O)O
mtp_09_e02,abcd,Ethane468,123-480,NSC-478,103A489,WA,CC(=O)NCCC1=CNc2c1cc(OC)cc2
mtp_09_e03,abcd,Ethane469,123-481,NSC-479,103A490,WA,CN=C=O
mtp_09_e04,abcd,Ethane470,123-482,NSC-480,103A491,WA,CBr
mtp_09_e05,abcd,Ethane471,123-483,NSC-481,103A492,WA,CCC(=O)O
mtp_09_e06,abcd,Ethane472,123-484,NSC-482,103A493,WA,CC(=O)NCCC1=CNc2c1cc(OC)cc2
mtp_09_e07,abcd,Ethane473,123-485,NSC-483,103A494,WA,CN=C=O
mtp_09_e08,abcd,Ethane474,123-486,NSC-484,103A495,WA,CBr
mtp_09_e09,abcd,Ethane475,123-487,NSC-485,103A496,WA,CCC(=O)O
mtp_09_e10,abcd,Ethane476,123-488,NSC-486,103A497,WA,CC(=O)NCCC1=CNc2c1cc(OC)cc2
mtp_09_e11,abcd,Ethane477,123-489,NSC-487,103A498,WA,CN=C=O
mtp_09_e12,abcd,Ethane478,123-490,NSC-488,103A499,WA,CBr
mtp_09_f03,abcd,Ethane479,123-491,NSC-489,103A500,WA,CCC(=O)O
mtp_09_f04,abcd,Ethane480,123-492,NSC-490,103A501,WA,CC(=O)NCCC1=CNc2c1cc(OC)cc2
mtp_09_f08,abcd,Ethane481,123-493,NSC-491,103A502,WA,CN=C=O
mtp_09_f10,abcd,Ethane482,123-494,NSC-492,103A503,WA,CBr
mtp_09_h10,abcd,Ethane483,123-495,NSC-493,103A504,WA,CCC(=O)O
mtp_09_h11,abcd,Ethane484,123-496,NSC-494,103A505,WA,CC(=O)NCCC1=CNc2c1cc(OC)cc2
mtp_09_h12,abcd,Ethane485,123-497,NSC-495,103A506,WA,CN=C=O
mtp_10_a02,abcd,Ethane486,123-498,NSC-496,103A507,WA,CBr
mtp_10_a03,abcd,Ethane487,123-499,NSC-497,103A508,WA,CCC(=O)O
mtp_10_a04,abcd,Ethane488,123-500,NSC-498,103A509,WA,CC(=O)NCCC1=CNc2c1cc(OC)cc2
mtp_10_a06,abcd,Ethane489,123-501,NSC-499,103A510,WA,CN=C=O
mtp_10_a07,abcd,Ethane490,123-502,NSC-500,103A511,WA,CBr
mtp_10_a08,abcd,Ethane491,123-503,NSC-501,103A512,WA,CCC(=O)O
mtp_10_a09,abcd,Ethane492,123-504,NSC-502,103A513,WA,CC(=O)NCCC1=CNc2c1cc(OC)cc2
mtp_10_a10,abcd,Ethane493,123-505,NSC-503,103A514,WA,CN=C=O
mtp_10_b03,abcd,Ethane494,123-506,NSC-504,103A515,WA,CBr
mtp_10_b04,abcd,Ethane495,123-507,NSC-505,103A516,WA,CCC(=O)O
mtp_10_b05,abcd,Ethane496,123-508,NSC-506,103A517,WA,CC(=O)NCCC1=CNc2c1cc(OC)cc2
mtp_10_b06,abcd,Ethane497,123-509,NSC-507,103A518,WA,CN=C=O
mtp_10_b07,abcd,Ethane498,123-510,NSC-508,103A519,WA,CBr
mtp_10_b09,abcd,Ethane499,123-511,NSC-509,103A520,WA,CCC(=O)O
mtp_10_b12,abcd,Ethane500,123-512,NSC-510,103A521,WA,CC(=O)NCCC1=CNc2c1cc(OC)cc2
mtp_10_c02,abcd,Ethane501,123-513,NSC-511,103A522,WA,CN=C=O
mtp_10_c03,abcd,Ethane502,123-514,NSC-512,103A523,WA,CBr
mtp_10_c04,abcd,Ethane503,123-515,NSC-513,103A524,WA,CCC(=O)O
mtp_10_c05,abcd,Ethane504,123-516,NSC-514,103A525,WA,CC(=O)NCCC1=CNc2c1cc(OC)cc2
mtp_10_c06,abcd,Ethane505,123-517,NSC-515,103A526,WA,CN=C=O
mtp_10_c07,abcd,Ethane506,123-518,NSC-516,103A527,WA,CBr
mtp_10_c08,abcd,Ethane507,123-519,NSC-517,103A528,WA,CCC(=O)O
mtp_10_c09,abcd,Ethane508,123-520,NSC-518,103A529,WA,CC(=O)NCCC1=CNc2c1cc(OC)cc2
mtp_10_c10,abcd,Ethane509,123-521,NSC-519,103A530,WA,CN=C=O
mtp_10_c11,abcd,Ethane510,123-522,NSC-520,103A531,WA,CBr
mtp_10_c12,abcd,Ethane511,123-523,NSC-521,103A532,WA,CCC(=O)O
mtp_10_d02,abcd,Ethane512,123-524,NSC-522,103A533,WA,CC(=O)NCCC1=CNc2c1cc(OC)cc2
mtp_10_d06,abcd,Ethane513,123-525,NSC-523,103A534,WA,CN=C=O
mtp_10_d11,abcd,Ethane514,123-526,NSC-524,103A535,WA,CBr
mtp_10_d12,abcd,Ethane515,123-527,NSC-525,103A536,WA,CCC(=O)O
mtp_10_e02,abcd,Ethane516,123-528,NSC-526,103A537,WA,CC(=O)NCCC1=CNc2c1cc(OC)cc2
mtp_10_e03,abcd,Ethane517,123-529,NSC-527,103A538,WA,CN=C=O
mtp_10_e05,abcd,Ethane518,123-530,NSC-528,103A539,WA,CBr
mtp_10_e06,abcd,Ethane519,123-531,NSC-529,103A540,WA,CCC(=O)O
mtp_10_e07,abcd,Ethane520,123-532,NSC-530,103A541,WA,CC(=O)NCCC1=CNc2c1cc(OC)cc2
mtp_10_e08,abcd,Ethane521,123-533,NSC-531,103A542,WA,CN=C=O
mtp_10_e09,abcd,Ethane522,123-534,NSC-532,103A543,WA,CBr
mtp_10_e10,abcd,Ethane523,123-535,NSC-533,103A544,WA,CCC(=O)O
mtp_10_e11,abcd,Ethane524,123-536,NSC-534,103A545,WA,CC(=O)NCCC1=CNc2c1cc(OC)cc2
mtp_10_e12,abcd,Ethane525,123-537,NSC-535,103A546,WA,CN=C=O
mtp_10_f02,abcd,Ethane526,123-538,NSC-536,103A547,WA,CBr
mtp_10_f03,abcd,Ethane527,123-539,NSC-537,103A548,WA,CCC(=O)O
mtp_10_f04,abcd,Ethane528,123-540,NSC-538,103A549,WA,CC(=O)NCCC1=CNc2c1cc(OC)cc2
mtp_10_f12,abcd,Ethane529,123-541,NSC-539,103A550,WA,CN=C=O
mtp_10_g02,abcd,Ethane530,123-542,NSC-540,103A551,WA,CBr
mtp_10_g03,abcd,Ethane531,123-543,NSC-541,103A552,WA,CCC(=O)O
mtp_10_g04,abcd,Ethane532,123-544,NSC-542,103A553,WA,CC(=O)NCCC1=CNc2c1cc(OC)cc2
mtp_10_g05,abcd,Ethane533,123-545,NSC-543,103A554,WA,CN=C=O
mtp_10_g06,abcd,Ethane534,123-546,NSC-544,103A555,WA,CBr
mtp_10_g07,abcd,Ethane535,123-547,NSC-545,103A556,WA,CCC(=O)O
mtp_10_g08,abcd,Ethane536,123-548,NSC-546,103A557,WA,CC(=O)NCCC1=CNc2c1cc(OC)cc2
mtp_10_g09,abcd,Ethane537,123-549,NSC-547,103A558,WA,CN=C=O
mtp_10_g11,abcd,Ethane538,123-550,NSC-548,103A559,WA,CBr
mtp_10_g12,abcd,Ethane539,123-551,NSC-549,103A560,WA,CCC(=O)O
mtp_10_h02,abcd,Ethane540,123-552,NSC-550,103A561,WA,CC(=O)NCCC1=CNc2c1cc(OC)cc2
mtp_10_h04,abcd,Ethane541,123-553,NSC-551,103A562,WA,CN=C=O
mtp_10_h05,abcd,Ethane542,123-554,NSC-552,103A563,WA,CBr
mtp_10_h06,abcd,Ethane543,123-555,NSC-553,103A564,WA,CCC(=O)O
mtp_10_h07,abcd,Ethane544,123-556,NSC-554,103A565,WA,CC(=O)NCCC1=CNc2c1cc(OC)cc2
mtp_10_h10,abcd,Ethane545,123-557,NSC-555,103A566,WA,CN=C=O
mtp_10_h12,abcd,Ethane546,123-558,NSC-556,103A567,WA,CBr
mtp_11_a05,abcd,Ethane547,123-559,NSC-557,103A568,WA,CCC(=O)O
mtp_11_a06,abcd,Ethane548,123-560,NSC-558,103A569,WA,CC(=O)NCCC1=CNc2c1cc(OC)cc2
mtp_11_a07,abcd,Ethane549,123-561,NSC-559,103A570,WA,CN=C=O
mtp_11_a09,abcd,Ethane550,123-562,NSC-560,103A571,WA,CBr
mtp_11_a10,abcd,Ethane551,123-563,NSC-561,103A572,WA,CCC(=O)O
mtp_11_a11,abcd,Ethane552,123-564,NSC-562,103A573,WA,CC(=O)NCCC1=CNc2c1cc(OC)cc2
mtp_11_a12,abcd,Ethane553,123-565,NSC-563,103A574,WA,CN=C=O
mtp_11_b02,abcd,Ethane554,123-566,NSC-564,103A575,WA,CBr
mtp_11_b06,abcd,Ethane555,123-567,NSC-565,103A576,WA,CCC(=O)O
mtp_11_b07,abcd,Ethane556,123-568,NSC-566,103A577,WA,CC(=O)NCCC1=CNc2c1cc(OC)cc2
mtp_11_b08,abcd,Ethane557,123-569,NSC-567,103A578,WA,CN=C=O
mtp_11_b12,abcd,Ethane558,123-570,NSC-568,103A579,WA,CBr
mtp_11_c02,abcd,Ethane559,123-571,NSC-569,103A580,WA,CCC(=O)O
mtp_11_c04,abcd,Ethane560,123-572,NSC-570,103A581,WA,CC(=O)NCCC1=CNc2c1cc(OC)cc2
mtp_11_c05,abcd,Ethane561,123-573,NSC-571,103A582,WA,CN=C=O
mtp_11_c06,abcd,Ethane562,123-574,NSC-572,103A583,WA,CBr
mtp_11_c07,abcd,Ethane563,123-575,NSC-573,103A584,WA,CCC(=O)O
mtp_11_c08,abcd,Ethane564,123-576,NSC-574,103A585,WA,CC(=O)NCCC1=CNc2c1cc(OC)cc2
mtp_11_c09,abcd,Ethane565,123-577,NSC-575,103A586,WA,CN=C=O
mtp_11_c10,abcd,Ethane566,123-578,NSC-576,103A587,WA,CBr
mtp_11_c11,abcd,Ethane567,123-579,NSC-577,103A588,WA,CCC(=O)O
mtp_11_c12,abcd,Ethane568,123-580,NSC-578,103A589,WA,CC(=O)NCCC1=CNc2c1cc(OC)cc2
mtp_11_d02,abcd,Ethane569,123-581,NSC-579,103A590,WA,CN=C=O
mtp_11_d03,abcd,Ethane570,123-582,NSC-580,103A591,WA,CBr
mtp_11_d06,abcd,Ethane571,123-583,NSC-581,103A592,WA,CCC(=O)O
mtp_11_d07,abcd,Ethane572,123-584,NSC-582,103A593,WA,CC(=O)NCCC1=CNc2c1cc(OC)cc2
mtp_11_d08,abcd,Ethane573,123-585,NSC-583,103A594,WA,CN=C=O
mtp_11_d09,abcd,Ethane574,123-586,NSC-584,103A595,WA,CBr
mtp_11_d11,abcd,Ethane575,123-587,NSC-585,103A596,WA,CCC(=O)O
mtp_11_d12,abcd,Ethane576,123-588,NSC-586,103A597,WA,CC(=O)NCCC1=CNc2c1cc(OC)cc2
mtp_11_e05,abcd,Ethane577,123-589,NSC-587,103A598,WA,CN=C=O
mtp_11_e06,abcd,Ethane578,123-590,NSC-588,103A599,WA,CBr
mtp_11_e07,abcd,Ethane579,123-591,NSC-589,103A600,WA,CCC(=O)O
mtp_11_e10,abcd,Ethane580,123-592,NSC-590,103A601,WA,CC(=O)NCCC1=CNc2c1cc(OC)cc2
mtp_11_e11,abcd,Ethane581,123-593,NSC-591,103A602,WA,CN=C=O
mtp_11_e12,abcd,Ethane582,123-594,NSC-592,103A603,WA,CBr
mtp_11_f02,abcd,Ethane583,123-595,NSC-593,103A604,WA,CCC(=O)O
mtp_11_f03,abcd,Ethane584,123-596,NSC-594,103A605,WA,CC(=O)NCCC1=CNc2c1cc(OC)cc2
mtp_11_f04,abcd,Ethane585,123-597,NSC-595,103A606,WA,CN=C=O
mtp_11_f05,abcd,Ethane586,123-598,NSC-596,103A607,WA,CBr
mtp_11_f06,abcd,Ethane587,123-599,NSC-597,103A608,WA,CCC(=O)O
mtp_11_f09,abcd,Ethane588,123-600,NSC-598,103A609,WA,CC(=O)NCCC1=CNc2c1cc(OC)cc2
mtp_11_f10,abcd,Ethane589,123-601,NSC-599,103A610,WA,CN=C=O
mtp_11_f11,abcd,Ethane590,123-602,NSC-600,103A611,WA,CBr
mtp_11_f12,abcd,Ethane591,123-603,NSC-601,103A612,WA,CCC(=O)O
mtp_11_g03,abcd,Ethane592,123-604,NSC-602,103A613,WA,CC(=O)NCCC1=CNc2c1cc(OC)cc2
mtp_11_g04,abcd,Ethane593,123-605,NSC-603,103A614,WA,CN=C=O
mtp_11_g05,abcd,Ethane594,123-606,NSC-604,103A615,WA,CBr
mtp_11_g06,abcd,Ethane595,123-607,NSC-605,103A616,WA,CCC(=O)O
mtp_11_g07,abcd,Ethane596,123-608,NSC-606,103A617,WA,CC(=O)NCCC1=CNc2c1cc(OC)cc2
mtp_11_g08,abcd,Ethane597,123-609,NSC-607,103A618,WA,CN=C=O
mtp_11_g09,abcd,Ethane598,123-610,NSC-608,103A619,WA,CBr
mtp_11_g10,abcd,Ethane599,123-611,NSC-609,103A620,WA,CCC(=O)O
mtp_11_g12,abcd,Ethane600,123-612,NSC-610,103A621,WA,CC(=O)NCCC1=CNc2c1cc(OC)cc2
mtp_11_h02,abcd,Ethane601,123-613,NSC-611,103A622,WA,CN=C=O
mtp_11_h04,abcd,Ethane602,123-614,NSC-612,103A623,WA,CBr
mtp_11_h05,abcd,Ethane603,123-615,NSC-613,103A624,WA,CCC(=O)O
mtp_11_h07,abcd,Ethane604,123-616,NSC-614,103A625,WA,CC(=O)NCCC1=CNc2c1cc(OC)cc2
mtp_11_h08,abcd,Ethane605,123-617,NSC-615,103A626,WA,CN=C=O
mtp_11_h11,abcd,Ethane606,123-618,NSC-616,103A627,WA,CBr
mtp_11_h12,abcd,Ethane607,123-619,NSC-617,103A628,WA,CCC(=O)O
mtp_12_a02,abcd,Ethane608,123-620,NSC-618,103A629,WA,CC(=O)NCCC1=CNc2c1cc(OC)cc2
mtp_12_a03,abcd,Ethane609,123-621,NSC-619,103A630,WA,CN=C=O
mtp_12_b10,abcd,Ethane610,123-622,NSC-620,103A631,WA,CBr
mtp_12_c03,abcd,Ethane611,123-623,NSC-621,103A632,WA,CCC(=O)O
mtp_12_c05,abcd,Ethane612,123-624,NSC-622,103A633,WA,CC(=O)NCCC1=CNc2c1cc(OC)cc2
mtp_12_c11,abcd,Ethane613,123-625,NSC-623,103A634,WA,CN=C=O
mtp_12_c12,abcd,Ethane614,123-626,NSC-624,103A635,WA,CBr
mtp_12_d02,abcd,Ethane615,123-627,NSC-625,103A636,WA,CCC(=O)O
mtp_12_d03,abcd,Ethane616,123-628,NSC-626,103A637,WA,CC(=O)NCCC1=CNc2c1cc(OC)cc2
mtp_12_d05,abcd,Ethane617,123-629,NSC-627,103A638,WA,CN=C=O
mtp_12_d06,abcd,Ethane618,123-630,NSC-628,103A639,WA,CBr
mtp_12_d07,abcd,Ethane619,123-631,NSC-629,103A640,WA,CCC(=O)O
mtp_12_d09,abcd,Ethane620,123-632,NSC-630,103A641,WA,CC(=O)NCCC1=CNc2c1cc(OC)cc2
mtp_12_d10,abcd,Ethane621,123-633,NSC-631,103A642,WA,CN=C=O
mtp_12_d11,abcd,Ethane622,123-634,NSC-632,103A643,WA,CBr
mtp_12_d12,abcd,Ethane623,123-635,NSC-633,103A644,WA,CCC(=O)O
mtp_12_e02,abcd,Ethane624,123-636,NSC-634,103A645,WA,CC(=O)NCCC1=CNc2c1cc(OC)cc2
mtp_12_e03,abcd,Ethane625,123-637,NSC-635,103A646,WA,CN=C=O
mtp_12_e04,abcd,Ethane626,123-638,NSC-636,103A647,WA,CBr
mtp_12_e05,abcd,Ethane627,123-639,NSC-637,103A648,WA,CCC(=O)O
mtp_12_e07,abcd,Ethane628,123-640,NSC-638,103A649,WA,CC(=O)NCCC1=CNc2c1cc(OC)cc2
mtp_12_e11,abcd,Ethane629,123-641,NSC-639,103A650,WA,CN=C=O
mtp_12_f02,abcd,Ethane630,123-642,NSC-640,103A651,WA,CBr
mtp_12_f04,abcd,Ethane631,123-643,NSC-641,103A652,WA,CCC(=O)O
mtp_12_f05,abcd,Ethane632,123-644,NSC-642,103A653,WA,CC(=O)NCCC1=CNc2c1cc(OC)cc2
mtp_12_f06,abcd,Ethane633,123-645,NSC-643,103A654,WA,CN=C=O
mtp_12_f07,abcd,Ethane634,123-646,NSC-644,103A655,WA,CBr
mtp_12_f08,abcd,Ethane635,123-647,NSC-645,103A656,WA,CCC(=O)O
mtp_12_f09,abcd,Ethane636,123-648,NSC-646,103A657,WA,CC(=O)NCCC1=CNc2c1cc(OC)cc2
mtp_12_f10,abcd,Ethane637,123-649,NSC-647,103A658,WA,CN=C=O
mtp_12_f11,abcd,Ethane638,123-650,NSC-648,103A659,WA,CBr
mtp_12_f12,abcd,Ethane639,123-651,NSC-649,103A660,WA,CCC(=O)O
mtp_12_g02,abcd,Ethane640,123-652,NSC-650,103A661,WA,CC(=O)NCCC1=CNc2c1cc(OC)cc2
mtp_12_g05,abcd,Ethane641,123-653,NSC-651,103A662,WA,CN=C=O
mtp_12_g07,abcd,Ethane642,123-654,NSC-652,103A663,WA,CBr
mtp_12_g08,abcd,Ethane643,123-655,NSC-653,103A664,WA,CCC(=O)O
mtp_12_g10,abcd,Ethane644,123-656,NSC-654,103A665,WA,CC(=O)NCCC1=CNc2c1cc(OC)cc2
mtp_12_g12,abcd,Ethane645,123-657,NSC-655,103A666,WA,CN=C=O
mtp_12_h02,abcd,Ethane646,123-658,NSC-656,103A667,WA,CBr
mtp_12_h03,abcd,Ethane647,123-659,NSC-657,103A668,WA,CCC(=O)O
mtp_12_h04,abcd,Ethane648,123-660,NSC-658,103A669,WA,CC(=O)NCCC1=CNc2c1cc(OC)cc2
mtp_12_h05,abcd,Ethane649,123-661,NSC-659,103A670,WA,CN=C=O
mtp_12_h09,abcd,Ethane650,123-662,NSC-660,103A671,WA,CBr
mtp_12_h10,abcd,Ethane651,123-663,NSC-661,103A672,WA,CCC(=O)O
mtp_12_h11,abcd,Ethane652,123-664,NSC-662,103A673,WA,CC(=O)NCCC1=CNc2c1cc(OC)cc2
mtp_12_h12,abcd,Ethane653,123-665,NSC-663,103A674,WA,CN=C=O
mtp_13_a02,abcd,Ethane654,123-666,NSC-664,103A675,WA,CBr
mtp_13_a08,abcd,Ethane655,123-667,NSC-665,103A676,WA,CCC(=O)O
mtp_13_a09,abcd,Ethane656,123-668,NSC-666,103A677,WA,CC(=O)NCCC1=CNc2c1cc(OC)cc2
mtp_13_a11,abcd,Ethane657,123-669,NSC-667,103A678,WA,CN=C=O
mtp_13_a12,abcd,Ethane658,123-670,NSC-668,103A679,WA,CBr
mtp_13_b02,abcd,Ethane659,123-671,NSC-669,103A680,WA,CCC(=O)O
mtp_13_b03,abcd,Ethane660,123-672,NSC-670,103A681,WA,CC(=O)NCCC1=CNc2c1cc(OC)cc2
mtp_13_b11,abcd,Ethane661,123-673,NSC-671,103A682,WA,CN=C=O
mtp_13_b12,abcd,Ethane662,123-674,NSC-672,103A683,WA,CBr
mtp_13_c08,abcd,Ethane663,123-675,NSC-673,103A684,WA,CCC(=O)O
mtp_13_c10,abcd,Ethane664,123-676,NSC-674,103A685,WA,CC(=O)NCCC1=CNc2c1cc(OC)cc2
mtp_13_c11,abcd,Ethane665,123-677,NSC-675,103A686,WA,CN=C=O
mtp_13_d05,abcd,Ethane666,123-678,NSC-676,103A687,WA,CBr
mtp_13_d07,abcd,Ethane667,123-679,NSC-677,103A688,WA,CCC(=O)O
mtp_13_d08,abcd,Ethane668,123-680,NSC-678,103A689,WA,CC(=O)NCCC1=CNc2c1cc(OC)cc2
mtp_13_d09,abcd,Ethane669,123-681,NSC-679,103A690,WA,CN=C=O
mtp_13_d11,abcd,Ethane670,123-682,NSC-680,103A691,WA,CBr
mtp_13_d12,abcd,Ethane671,123-683,NSC-681,103A692,WA,CCC(=O)O
mtp_13_e04,abcd,Ethane672,123-684,NSC-682,103A693,WA,CC(=O)NCCC1=CNc2c1cc(OC)cc2
mtp_13_e08,abcd,Ethane673,123-685,NSC-683,103A694,WA,CN=C=O
mtp_13_e10,abcd,Ethane674,123-686,NSC-684,103A695,WA,CBr
mtp_13_e11,abcd,Ethane675,123-687,NSC-685,103A696,WA,CCC(=O)O
mtp_13_e12,abcd,Ethane676,123-688,NSC-686,103A697,WA,CC(=O)NCCC1=CNc2c1cc(OC)cc2
mtp_13_f02,abcd,Ethane677,123-689,NSC-687,103A698,WA,CN=C=O
mtp_13_f04,abcd,Ethane678,123-690,NSC-688,103A699,WA,CBr
mtp_13_f05,abcd,Ethane679,123-691,NSC-689,103A700,WA,CCC(=O)O
mtp_13_f06,abcd,Ethane680,123-692,NSC-690,103A701,WA,CC(=O)NCCC1=CNc2c1cc(OC)cc2
mtp_13_f07,abcd,Ethane681,123-693,NSC-691,103A702,WA,CN=C=O
mtp_13_f08,abcd,Ethane682,123-694,NSC-692,103A703,WA,CBr
mtp_13_f09,abcd,Ethane683,123-695,NSC-693,103A704,WA,CCC(=O)O
mtp_13_f10,abcd,Ethane684,123-696,NSC-694,103A705,WA,CC(=O)NCCC1=CNc2c1cc(OC)cc2
mtp_13_f11,abcd,Ethane685,123-697,NSC-695,103A706,WA,CN=C=O
mtp_13_f12,abcd,Ethane686,123-698,NSC-696,103A707,WA,CBr
mtp_13_g04,abcd,Ethane687,123-699,NSC-697,103A708,WA,CCC(=O)O
mtp_13_g05,abcd,Ethane688,123-700,NSC-698,103A709,WA,CC(=O)NCCC1=CNc2c1cc(OC)cc2
mtp_13_g06,abcd,Ethane689,123-701,NSC-699,103A710,WA,CN=C=O
mtp_13_g07,abcd,Ethane690,123-702,NSC-700,103A711,WA,CBr
mtp_13_g08,abcd,Ethane691,123-703,NSC-701,103A712,WA,CCC(=O)O
mtp_13_g09,abcd,Ethane692,123-704,NSC-702,103A713,WA,CC(=O)NCCC1=CNc2c1cc(OC)cc2
mtp_13_g10,abcd,Ethane693,123-705,NSC-703,103A714,WA,CN=C=O
mtp_13_g11,abcd,Ethane694,123-706,NSC-704,103A715,WA,CBr
mtp_13_g12,abcd,Ethane695,123-707,NSC-705,103A716,WA,CCC(=O)O
mtp_13_h02,abcd,Ethane696,123-708,NSC-706,103A717,WA,CC(=O)NCCC1=CNc2c1cc(OC)cc2
mtp_13_h04,abcd,Ethane697,123-709,NSC-707,103A718,WA,CN=C=O
mtp_13_h05,abcd,Ethane698,123-710,NSC-708,103A719,WA,CBr
mtp_13_h06,abcd,Ethane699,123-711,NSC-709,103A720,WA,CCC(=O)O
mtp_13_h07,abcd,Ethane700,123-712,NSC-710,103A721,WA,CC(=O)NCCC1=CNc2c1cc(OC)cc2
mtp_13_h08,abcd,Ethane701,123-713,NSC-711,103A722,WA,CN=C=O
mtp_13_h09,abcd,Ethane702,123-714,NSC-712,103A723,WA,CBr
mtp_13_h10,abcd,Ethane703,123-715,NSC-713,103A724,WA,CCC(=O)O
mtp_13_h11,abcd,Ethane704,123-716,NSC-714,103A725,WA,CC(=O)NCCC1=CNc2c1cc(OC)cc2
mtp_13_h12,abcd,Ethane705,123-717,NSC-715,103A726,WA,CN=C=O
mtp_14_a11,abcd,Ethane706,123-718,NSC-716,103A727,WA,CBr
mtp_14_a12,abcd,Ethane707,123-719,NSC-717,103A728,WA,CCC(=O)O
mtp_14_b06,abcd,Ethane708,123-720,NSC-718,103A729,WA,CC(=O)NCCC1=CNc2c1cc(OC)cc2
mtp_14_b07,abcd,Ethane709,123-721,NSC-719,103A730,WA,CN=C=O
mtp_14_b08,abcd,Ethane710,123-722,NSC-720,103A731,WA,CBr
mtp_14_c06,abcd,Ethane711,123-723,NSC-721,103A732,WA,CCC(=O)O
mtp_14_c07,abcd,Ethane712,123-724,NSC-722,103A733,WA,CC(=O)NCCC1=CNc2c1cc(OC)cc2
mtp_14_c08,abcd,Ethane713,123-725,NSC-723,103A734,WA,CN=C=O
mtp_14_c09,abcd,Ethane714,123-726,NSC-724,103A735,WA,CBr
mtp_14_c10,abcd,Ethane715,123-727,NSC-725,103A736,WA,CCC(=O)O
mtp_14_d02,abcd,Ethane716,123-728,NSC-726,103A737,WA,CC(=O)NCCC1=CNc2c1cc(OC)cc2
mtp_14_d04,abcd,Ethane717,123-729,NSC-727,103A738,WA,CN=C=O
mtp_14_d05,abcd,Ethane718,123-730,NSC-728,103A739,WA,CBr
mtp_14_d06,abcd,Ethane719,123-731,NSC-729,103A740,WA,CCC(=O)O
mtp_14_d07,abcd,Ethane720,123-732,NSC-730,103A741,WA,CC(=O)NCCC1=CNc2c1cc(OC)cc2
mtp_14_d08,abcd,Ethane721,123-733,NSC-731,103A742,WA,CN=C=O
mtp_14_d09,abcd,Ethane722,123-734,NSC-732,103A743,WA,CBr
mtp_14_d10,abcd,Ethane723,123-735,NSC-733,103A744,WA,CCC(=O)O
mtp_14_e02,abcd,Ethane724,123-736,NSC-734,103A745,WA,CC(=O)NCCC1=CNc2c1cc(OC)cc2
mtp_14_e04,abcd,Ethane725,123-737,NSC-735,103A746,WA,CN=C=O
mtp_14_e05,abcd,Ethane726,123-738,NSC-736,103A747,WA,CBr
mtp_14_e06,abcd,Ethane727,123-739,NSC-737,103A748,WA,CCC(=O)O
mtp_14_e07,abcd,Ethane728,123-740,NSC-738,103A749,WA,CC(=O)NCCC1=CNc2c1cc(OC)cc2
mtp_14_e08,abcd,Ethane729,123-741,NSC-739,103A750,WA,CN=C=O
mtp_14_e09,abcd,Ethane730,123-742,NSC-740,103A751,WA,CBr
mtp_14_e10,abcd,Ethane731,123-743,NSC-741,103A752,WA,CCC(=O)O
mtp_14_e11,abcd,Ethane732,123-744,NSC-742,103A753,WA,CC(=O)NCCC1=CNc2c1cc(OC)cc2
mtp_14_e12,abcd,Ethane733,123-745,NSC-743,103A754,WA,CN=C=O
mtp_14_f02,abcd,Ethane734,123-746,NSC-744,103A755,WA,CBr
mtp_14_f03,abcd,Ethane735,123-747,NSC-745,103A756,WA,CCC(=O)O
mtp_14_f06,abcd,Ethane736,123-748,NSC-746,103A757,WA,CC(=O)NCCC1=CNc2c1cc(OC)cc2
mtp_14_f07,abcd,Ethane737,123-749,NSC-747,103A758,WA,CN=C=O
mtp_14_f08,abcd,Ethane738,123-750,NSC-748,103A759,WA,CBr
mtp_14_f09,abcd,Ethane739,123-751,NSC-749,103A760,WA,CCC(=O)O
mtp_14_f11,abcd,Ethane740,123-752,NSC-750,103A761,WA,CC(=O)NCCC1=CNc2c1cc(OC)cc2
mtp_14_g10,abcd,Ethane741,123-753,NSC-751,103A762,WA,CN=C=O
mtp_14_g11,abcd,Ethane742,123-754,NSC-752,103A763,WA,CBr
mtp_14_h03,abcd,Ethane743,123-755,NSC-753,103A764,WA,CCC(=O)O
mtp_14_h04,abcd,Ethane744,123-756,NSC-754,103A765,WA,CC(=O)NCCC1=CNc2c1cc(OC)cc2
mtp_14_h05,abcd,Ethane745,123-757,NSC-755,103A766,WA,CN=C=O
mtp_14_h06,abcd,Ethane746,123-758,NSC-756,103A767,WA,CBr
mtp_14_h08,abcd,Ethane747,123-759,NSC-757,103A768,WA,CCC(=O)O
mtp_14_h09,abcd,Ethane748,123-760,NSC-758,103A769,WA,CC(=O)NCCC1=CNc2c1cc(OC)cc2
mtp_14_h10,abcd,Ethane749,123-761,NSC-759,103A770,WA,CN=C=O
mtp_14_h12,abcd,Ethane750,123-762,NSC-760,103A771,WA,CBr
mtp_15_a02,abcd,Ethane751,123-763,NSC-761,103A772,WA,CCC(=O)O
mtp_15_a04,abcd,Ethane752,123-764,NSC-762,103A773,WA,CC(=O)NCCC1=CNc2c1cc(OC)cc2
mtp_15_a05,abcd,Ethane753,123-765,NSC-763,103A774,WA,CN=C=O
mtp_15_a06,abcd,Ethane754,123-766,NSC-764,103A775,WA,CBr
mtp_15_a10,abcd,Ethane755,123-767,NSC-765,103A776,WA,CCC(=O)O
mtp_15_a11,abcd,Ethane756,123-768,NSC-766,103A777,WA,CC(=O)NCCC1=CNc2c1cc(OC)cc2
mtp_15_a12,abcd,Ethane757,123-769,NSC-767,103A778,WA,CN=C=O
mtp_15_b02,abcd,Ethane758,123-770,NSC-768,103A779,WA,CBr
mtp_15_b03,abcd,Ethane759,123-771,NSC-769,103A780,WA,CCC(=O)O
mtp_15_b04,abcd,Ethane760,123-772,NSC-770,103A781,WA,CC(=O)NCCC1=CNc2c1cc(OC)cc2
mtp_15_b05,abcd,Ethane761,123-773,NSC-771,103A782,WA,CN=C=O
mtp_15_b06,abcd,Ethane762,123-774,NSC-772,103A783,WA,CBr
mtp_15_b07,abcd,Ethane763,123-775,NSC-773,103A784,WA,CCC(=O)O
mtp_15_b08,abcd,Ethane764,123-776,NSC-774,103A785,WA,CC(=O)NCCC1=CNc2c1cc(OC)cc2
mtp_15_b09,abcd,Ethane765,123-777,NSC-775,103A786,WA,CN=C=O
mtp_15_b11,abcd,Ethane766,123-778,NSC-776,103A787,WA,CBr
mtp_15_b12,abcd,Ethane767,123-779,NSC-777,103A788,WA,CCC(=O)O
mtp_15_c02,abcd,Ethane768,123-780,NSC-778,103A789,WA,CC(=O)NCCC1=CNc2c1cc(OC)cc2
mtp_15_c03,abcd,Ethane769,123-781,NSC-779,103A790,WA,CN=C=O
mtp_15_c07,abcd,Ethane770,123-782,NSC-780,103A791,WA,CBr
mtp_15_d03,abcd,Ethane771,123-783,NSC-781,103A792,WA,CCC(=O)O
mtp_15_d05,abcd,Ethane772,123-784,NSC-782,103A793,WA,CC(=O)NCCC1=CNc2c1cc(OC)cc2
mtp_15_d08,abcd,Ethane773,123-785,NSC-783,103A794,WA,CN=C=O
mtp_15_e03,abcd,Ethane774,123-786,NSC-784,103A795,WA,CBr
mtp_15_e04,abcd,Ethane775,123-787,NSC-785,103A796,WA,CCC(=O)O
mtp_15_e05,abcd,Ethane776,123-788,NSC-786,103A797,WA,CC(=O)NCCC1=CNc2c1cc(OC)cc2
mtp_15_e06,abcd,Ethane777,123-789,NSC-787,103A798,WA,CN=C=O
mtp_15_e07,abcd,Ethane778,123-790,NSC-788,103A799,WA,CBr
mtp_15_e08,abcd,Ethane779,123-791,NSC-789,103A800,WA,CCC(=O)O
mtp_15_e09,abcd,Ethane780,123-792,NSC-790,103A801,WA,CC(=O)NCCC1=CNc2c1cc(OC)cc2
mtp_15_e10,abcd,Ethane781,123-793,NSC-791,103A802,WA,CN=C=O
mtp_15_e12,abcd,Ethane782,123-794,NSC-792,103A803,WA,CBr
mtp_15_f02,abcd,Ethane783,123-795,NSC-793,103A804,WA,CCC(=O)O
mtp_15_f03,abcd,Ethane784,123-796,NSC-794,103A805,WA,CC(=O)NCCC1=CNc2c1cc(OC)cc2
mtp_15_f04,abcd,Ethane785,123-797,NSC-795,103A806,WA,CN=C=O
mtp_15_f05,abcd,Ethane786,123-798,NSC-796,103A807,WA,CBr
mtp_15_f06,abcd,Ethane787,123-799,NSC-797,103A808,WA,CCC(=O)O
mtp_15_f08,abcd,Ethane788,123-800,NSC-798,103A809,WA,CC(=O)NCCC1=CNc2c1cc(OC)cc2
mtp_15_f09,abcd,Ethane789,123-801,NSC-799,103A810,WA,CN=C=O
mtp_15_f10,abcd,Ethane790,123-802,NSC-800,103A811,WA,CBr
mtp_15_f11,abcd,Ethane791,123-803,NSC-801,103A812,WA,CCC(=O)O
mtp_15_g09,abcd,Ethane792,123-804,NSC-802,103A813,WA,CC(=O)NCCC1=CNc2c1cc(OC)cc2
mtp_15_g10,abcd,Ethane793,123-805,NSC-803,103A814,WA,CN=C=O
mtp_15_g11,abcd,Ethane794,123-806,NSC-804,103A815,WA,CBr
mtp_15_g12,abcd,Ethane795,123-807,NSC-805,103A816,WA,CCC(=O)O
mtp_15_h02,abcd,Ethane796,123-808,NSC-806,103A817,WA,CC(=O)NCCC1=CNc2c1cc(OC)cc2
mtp_15_h03,abcd,Ethane797,123-809,NSC-807,103A818,WA,CN=C=O
mtp_15_h04,abcd,Ethane798,123-810,NSC-808,103A819,WA,CBr
mtp_15_h05,abcd,Ethane799,123-811,NSC-809,103A820,WA,CCC(=O)O
mtp_15_h06,abcd,Ethane800,123-812,NSC-810,103A821,WA,CC(=O)NCCC1=CNc2c1cc(OC)cc2
mtp_15_h07,abcd,Ethane801,123-813,NSC-811,103A822,WA,CN=C=O
mtp_15_h08,abcd,Ethane802,123-814,NSC-812,103A823,WA,CBr
mtp_15_h10,abcd,Ethane803,123-815,NSC-813,103A824,WA,CCC(=O)O
mtp_15_h11,abcd,Ethane804,123-816,NSC-814,103A825,WA,CC(=O)NCCC1=CNc2c1cc(OC)cc2
mtp_16_a03,abcd,Ethane805,123-817,NSC-815,103A826,WA,CN=C=O
mtp_16_a04,abcd,Ethane806,123-818,NSC-816,103A827,WA,CBr
mtp_16_a05,abcd,Ethane807,123-819,NSC-817,103A828,WA,CCC(=O)O
mtp_16_a06,abcd,Ethane808,123-820,NSC-818,103A829,WA,CC(=O)NCCC1=CNc2c1cc(OC)cc2
mtp_16_a07,abcd,Ethane809,123-821,NSC-819,103A830,WA,CN=C=O
mtp_16_a08,abcd,Ethane810,123-822,NSC-820,103A831,WA,CBr
mtp_16_a09,abcd,Ethane811,123-823,NSC-821,103A832,WA,CCC(=O)O
mtp_16_a10,abcd,Ethane812,123-824,NSC-822,103A833,WA,CC(=O)NCCC1=CNc2c1cc(OC)cc2
mtp_16_a11,abcd,Ethane813,123-825,NSC-823,103A834,WA,CN=C=O
mtp_16_b02,abcd,Ethane814,123-826,NSC-824,103A835,WA,CBr
mtp_16_b03,abcd,Ethane815,123-827,NSC-825,103A836,WA,CCC(=O)O
mtp_16_b04,abcd,Ethane816,123-828,NSC-826,103A837,WA,CC(=O)NCCC1=CNc2c1cc(OC)cc2
mtp_16_b05,abcd,Ethane817,123-829,NSC-827,103A838,WA,CN=C=O
mtp_16_b06,abcd,Ethane818,123-830,NSC-828,103A839,WA,CBr
mtp_16_b07,abcd,Ethane819,123-831,NSC-829,103A840,WA,CCC(=O)O
mtp_16_b08,abcd,Ethane820,123-832,NSC-830,103A841,WA,CC(=O)NCCC1=CNc2c1cc(OC)cc2
mtp_16_b09,abcd,Ethane821,123-833,NSC-831,103A842,WA,CN=C=O
mtp_16_b10,abcd,Ethane822,123-834,NSC-832,103A843,WA,CBr
mtp_16_b11,abcd,Ethane823,123-835,NSC-833,103A844,WA,CCC(=O)O
mtp_16_b12,abcd,Ethane824,123-836,NSC-834,103A845,WA,CC(=O)NCCC1=CNc2c1cc(OC)cc2
mtp_16_c03,abcd,Ethane825,123-837,NSC-835,103A846,WA,CN=C=O
mtp_16_c05,abcd,Ethane826,123-838,NSC-836,103A847,WA,CBr
mtp_16_c06,abcd,Ethane827,123-839,NSC-837,103A848,WA,CCC(=O)O
mtp_16_c07,abcd,Ethane828,123-840,NSC-838,103A849,WA,CC(=O)NCCC1=CNc2c1cc(OC)cc2
mtp_16_c08,abcd,Ethane829,123-841,NSC-839,103A850,WA,CN=C=O
mtp_16_c09,abcd,Ethane830,123-842,NSC-840,103A851,WA,CBr
mtp_16_c10,abcd,Ethane831,123-843,NSC-841,103A852,WA,CCC(=O)O
mtp_16_c11,abcd,Ethane832,123-844,NSC-842,103A853,WA,CC(=O)NCCC1=CNc2c1cc(OC)cc2
mtp_16_c12,abcd,Ethane833,123-845,NSC-843,103A854,WA,CN=C=O
mtp_16_d04,abcd,Ethane834,123-846,NSC-844,103A855,WA,CBr
mtp_16_d05,abcd,Ethane835,123-847,NSC-845,103A856,WA,CCC(=O)O
mtp_16_d06,abcd,Ethane836,123-848,NSC-846,103A857,WA,CC(=O)NCCC1=CNc2c1cc(OC)cc2
mtp_16_d09,abcd,Ethane837,123-849,NSC-847,103A858,WA,CN=C=O
mtp_16_d10,abcd,Ethane838,123-850,NSC-848,103A859,WA,CBr
mtp_16_d11,abcd,Ethane839,123-851,NSC-849,103A860,WA,CCC(=O)O
mtp_16_d12,abcd,Ethane840,123-852,NSC-850,103A861,WA,CC(=O)NCCC1=CNc2c1cc(OC)cc2
mtp_16_e02,abcd,Ethane841,123-853,NSC-851,103A862,WA,CN=C=O
mtp_16_e03,abcd,Ethane842,123-854,NSC-852,103A863,WA,CBr
mtp_16_e04,abcd,Ethane843,123-855,NSC-853,103A864,WA,CCC(=O)O
mtp_16_e05,abcd,Ethane844,123-856,NSC-854,103A865,WA,CC(=O)NCCC1=CNc2c1cc(OC)cc2
mtp_16_e06,abcd,Ethane845,123-857,NSC-855,103A866,WA,CN=C=O
mtp_16_e07,abcd,Ethane846,123-858,NSC-856,103A867,WA,CBr
mtp_16_e08,abcd,Ethane847,123-859,NSC-857,103A868,WA,CCC(=O)O
mtp_16_e10,abcd,Ethane848,123-860,NSC-858,103A869,WA,CC(=O)NCCC1=CNc2c1cc(OC)cc2
mtp_16_e11,abcd,Ethane849,123-861,NSC-859,103A870,WA,CN=C=O
mtp_16_f02,abcd,Ethane850,123-862,NSC-860,103A871,WA,CBr
mtp_16_f03,abcd,Ethane851,123-863,NSC-861,103A872,WA,CCC(=O)O
mtp_16_f05,abcd,Ethane852,123-864,NSC-862,103A873,WA,CC(=O)NCCC1=CNc2c1cc(OC)cc2
mtp_16_f07,abcd,Ethane853,123-865,NSC-863,103A874,WA,CN=C=O
mtp_16_f08,abcd,Ethane854,123-866,NSC-864,103A875,WA,CBr
mtp_16_f09,abcd,Ethane855,123-867,NSC-865,103A876,WA,CCC(=O)O
mtp_16_f10,abcd,Ethane856,123-868,NSC-866,103A877,WA,CC(=O)NCCC1=CNc2c1cc(OC)cc2
mtp_16_f11,abcd,Ethane857,123-869,NSC-867,103A878,WA,CN=C=O
mtp_16_f12,abcd,Ethane858,123-870,NSC-868,103A879,WA,CBr
mtp_16_g02,abcd,Ethane859,123-871,NSC-869,103A880,WA,CCC(=O)O
mtp_16_g03,abcd,Ethane860,123-872,NSC-870,103A881,WA,CC(=O)NCCC1=CNc2c1cc(OC)cc2
mtp_16_g04,abcd,Ethane861,123-873,NSC-871,103A882,WA,CN=C=O
mtp_16_g05,abcd,Ethane862,123-874,NSC-872,103A883,WA,CBr
mtp_16_g07,abcd,Ethane863,123-875,NSC-873,103A884,WA,CCC(=O)O
mtp_16_g08,abcd,Ethane864,123-876,NSC-874,103A885,WA,CC(=O)NCCC1=CNc2c1cc(OC)cc2
mtp_16_g09,abcd,Ethane865,123-877,NSC-875,103A886,WA,CN=C=O
mtp_16_g12,abcd,Ethane866,123-878,NSC-876,103A887,WA,CBr
mtp_16_h07,abcd,Ethane867,123-879,NSC-877,103A888,WA,CCC(=O)O
mtp_16_h08,abcd,Ethane868,123-880,NSC-878,103A889,WA,CC(=O)NCCC1=CNc2c1cc(OC)cc2
mtp_16_h10,abcd,Ethane869,123-881,NSC-879,103A890,WA,CN=C=O
mtp_16_h11,abcd,Ethane870,123-882,NSC-880,103A891,WA,CBr
mtp_16_h12,abcd,Ethane871,123-883,NSC-881,103A892,WA,CCC(=O)O
mtp_17_a02,abcd,Ethane872,123-884,NSC-882,103A893,WA,CC(=O)NCCC1=CNc2c1cc(OC)cc2
mtp_17_a03,abcd,Ethane873,123-885,NSC-883,103A894,WA,CN=C=O
mtp_17_a04,abcd,Ethane874,123-886,NSC-884,103A895,WA,CBr
mtp_17_a05,abcd,Ethane875,123-887,NSC-885,103A896,WA,CCC(=O)O
mtp_17_a06,abcd,Ethane876,123-888,NSC-886,103A897,WA,CC(=O)NCCC1=CNc2c1cc(OC)cc2
mtp_17_a07,abcd,Ethane877,123-889,NSC-887,103A898,WA,CN=C=O
mtp_17_a08,abcd,Ethane878,123-890,NSC-888,103A899,WA,CBr
mtp_17_a09,abcd,Ethane879,123-891,NSC-889,103A900,WA,CCC(=O)O
mtp_17_a10,abcd,Ethane880,123-892,NSC-890,103A901,WA,CC(=O)NCCC1=CNc2c1cc(OC)cc2
mtp_17_a11,abcd,Ethane881,123-893,NSC-891,103A902,WA,CN=C=O
mtp_17_a12,abcd,Ethane882,123-894,NSC-892,103A903,WA,CBr
mtp_17_b02,abcd,Ethane883,123-895,NSC-893,103A904,WA,CCC(=O)O
mtp_17_b03,abcd,Ethane884,123-896,NSC-894,103A905,WA,CC(=O)NCCC1=CNc2c1cc(OC)cc2
mtp_17_b04,abcd,Ethane885,123-897,NSC-895,103A906,WA,CN=C=O
mtp_17_b05,abcd,Ethane886,123-898,NSC-896,103A907,WA,CBr
mtp_17_b06,abcd,Ethane887,123-899,NSC-897,103A908,WA,CCC(=O)O
mtp_17_b07,abcd,Ethane888,123-900,NSC-898,103A909,WA,CC(=O)NCCC1=CNc2c1cc(OC)cc2
mtp_17_b08,abcd,Ethane889,123-901,NSC-899,103A910,WA,CN=C=O
mtp_17_b09,abcd,Ethane890,123-902,NSC-900,103A911,WA,CBr
mtp_17_b10,abcd,Ethane891,123-903,NSC-901,103A912,WA,CCC(=O)O
mtp_17_b11,abcd,Ethane892,123-904,NSC-902,103A913,WA,CC(=O)NCCC1=CNc2c1cc(OC)cc2
mtp_17_b12,abcd,Ethane893,123-905,NSC-903,103A914,WA,CN=C=O
mtp_17_c02,abcd,Ethane894,123-906,NSC-904,103A915,WA,CBr
mtp_17_c03,abcd,Ethane895,123-907,NSC-905,103A916,WA,CCC(=O)O
mtp_17_c04,abcd,Ethane896,123-908,NSC-906,103A917,WA,CC(=O)NCCC1=CNc2c1cc(OC)cc2
mtp_17_c07,abcd,Ethane897,123-909,NSC-907,103A918,WA,CN=C=O
mtp_17_c08,abcd,Ethane898,123-910,NSC-908,103A919,WA,CBr
mtp_17_c09,abcd,Ethane899,123-911,NSC-909,103A920,WA,CCC(=O)O
mtp_17_c10,abcd,Ethane900,123-912,NSC-910,103A921,WA,CC(=O)NCCC1=CNc2c1cc(OC)cc2
mtp_17_c11,abcd,Ethane901,123-913,NSC-911,103A922,WA,CN=C=O